=========================================
Auto Low-Level Analysis 20260119
=========================================
Moving HK and UDP log files to the appropriate directory...
開始整理檔案...
已移動 .jpg 檔案 -> figures/
已移動 1 個 UDP 相關檔案 -> UDP/
已移動 1 個 HK 相關檔案 -> HK/
整理完成！
=========================================
Starting Analysis Task
Target Date: 20260119
Full Argument: 20260119_Det01_Exp0001_Run000005_001_Mu
=========================================
[1/5] Executing 001_HitsProcessing.py ...

[31mProcessing file: 20260119_Det01_Exp0001_Run000005_001_Mu[0m

Reading data

Complete reading data, start slicing.

Complete slicing data

Remove # Fram: Complete remove # Frame......

hits complete PCNT calibration now. 
After PCNT calibration: len(hits[PCNT]) = 20750895

Total time for this run(By PCNT): 24.00 hr

timestamp calibration : Finished

sort by new timestamp: Finished

Sucessfully add event ID to data
length of hits[LayerID]: 20750895

Sucessfully add layer ID to hits
Converting to Awkward Array...
[2/5] Executing 002_EventSelection.py ...
<class 'dict'>
--> TOT Selection ...

--> TOT Selection (Awkward Version)...
通過 TOTSelection 的事件數量： 196126, 通過率1.07791%
--> Not Single Hit Selection...

Remove single hit events
通過 NotSingleHitSelection 的事件數量： 1788743, 通過率 9.83097%
--> Not Shower Selection...
通過 NotShowerSelection 的事件數量： 1589425, 通過率88.85709%
--> Four Layer Hit Selection...

--> Four Layer Hit Selection (Awkward Version)...
通過 FourLayerHitSelection 的事件數量： 2187
最終通過事件數量： 2187
[3/5] Executing 003_1_HitLevel.py ...
Info in <TCanvas::Print>: pdf file /data9/YangMingShanExperiments/YangMingHotspotResort/LowLevelProcessedData/DailyPlots/PDF/20260119_Det01_Exp0001_Run000005_001_Mu_HitLevelPerBoard_NoSelection.pdf has been created
Info in <TCanvas::Print>: Current canvas added to pdf file /data9/YangMingShanExperiments/YangMingHotspotResort/LowLevelProcessedData/DailyPlots/PDF/20260119_Det01_Exp0001_Run000005_001_Mu_HitLevelPerBoard_NoSelection.pdf
Info in <TCanvas::Print>: Current canvas added to pdf file /data9/YangMingShanExperiments/YangMingHotspotResort/LowLevelProcessedData/DailyPlots/PDF/20260119_Det01_Exp0001_Run000005_001_Mu_HitLevelPerBoard_NoSelection.pdf
Info in <TCanvas::Print>: Current canvas added to pdf file /data9/YangMingShanExperiments/YangMingHotspotResort/LowLevelProcessedData/DailyPlots/PDF/20260119_Det01_Exp0001_Run000005_001_Mu_HitLevelPerBoard_NoSelection.pdf
Info in <TCanvas::Print>: Current canvas added to pdf file /data9/YangMingShanExperiments/YangMingHotspotResort/LowLevelProcessedData/DailyPlots/PDF/20260119_Det01_Exp0001_Run000005_001_Mu_HitLevelPerBoard_NoSelection.pdf
Info in <TCanvas::Print>: Current canvas added to pdf file /data9/YangMingShanExperiments/YangMingHotspotResort/LowLevelProcessedData/DailyPlots/PDF/20260119_Det01_Exp0001_Run000005_001_Mu_HitLevelPerBoard_NoSelection.pdf
Info in <TCanvas::Print>: Current canvas added to pdf file /data9/YangMingShanExperiments/YangMingHotspotResort/LowLevelProcessedData/DailyPlots/PDF/20260119_Det01_Exp0001_Run000005_001_Mu_HitLevelPerBoard_NoSelection.pdf
Info in <TCanvas::Print>: Current canvas added to pdf file /data9/YangMingShanExperiments/YangMingHotspotResort/LowLevelProcessedData/DailyPlots/PDF/20260119_Det01_Exp0001_Run000005_001_Mu_HitLevelPerBoard_NoSelection.pdf
Info in <TCanvas::Print>: Current canvas added to pdf file /data9/YangMingShanExperiments/YangMingHotspotResort/LowLevelProcessedData/DailyPlots/PDF/20260119_Det01_Exp0001_Run000005_001_Mu_HitLevelPerBoard_NoSelection.pdf
Info in <TCanvas::Print>: Current canvas added to pdf file /data9/YangMingShanExperiments/YangMingHotspotResort/LowLevelProcessedData/DailyPlots/PDF/20260119_Det01_Exp0001_Run000005_001_Mu_HitLevelPerBoard_NoSelection.pdf
Info in <TCanvas::Print>: Current canvas added to pdf file /data9/YangMingShanExperiments/YangMingHotspotResort/LowLevelProcessedData/DailyPlots/PDF/20260119_Det01_Exp0001_Run000005_001_Mu_HitLevelPerBoard_NoSelection.pdf
Info in <TCanvas::Print>: Current canvas added to pdf file /data9/YangMingShanExperiments/YangMingHotspotResort/LowLevelProcessedData/DailyPlots/PDF/20260119_Det01_Exp0001_Run000005_001_Mu_HitLevelPerBoard_NoSelection.pdf
Info in <TCanvas::Print>: Current canvas added to pdf file /data9/YangMingShanExperiments/YangMingHotspotResort/LowLevelProcessedData/DailyPlots/PDF/20260119_Det01_Exp0001_Run000005_001_Mu_HitLevelPerBoard_NoSelection.pdf
Info in <TCanvas::Print>: Current canvas added to pdf file /data9/YangMingShanExperiments/YangMingHotspotResort/LowLevelProcessedData/DailyPlots/PDF/20260119_Det01_Exp0001_Run000005_001_Mu_HitLevelPerBoard_NoSelection.pdf
Info in <TCanvas::Print>: Current canvas added to pdf file /data9/YangMingShanExperiments/YangMingHotspotResort/LowLevelProcessedData/DailyPlots/PDF/20260119_Det01_Exp0001_Run000005_001_Mu_HitLevelPerBoard_NoSelection.pdf
Info in <TCanvas::Print>: Current canvas added to pdf file /data9/YangMingShanExperiments/YangMingHotspotResort/LowLevelProcessedData/DailyPlots/PDF/20260119_Det01_Exp0001_Run000005_001_Mu_HitLevelPerBoard_NoSelection.pdf
Info in <TCanvas::Print>: Current canvas added to pdf file /data9/YangMingShanExperiments/YangMingHotspotResort/LowLevelProcessedData/DailyPlots/PDF/20260119_Det01_Exp0001_Run000005_001_Mu_HitLevelPerBoard_NoSelection.pdf
Info in <TCanvas::Print>: pdf file /data9/YangMingShanExperiments/YangMingHotspotResort/LowLevelProcessedData/DailyPlots/PDF/20260119_Det01_Exp0001_Run000005_001_Mu_HitLevelPerBoard_NoSelection.pdf has been closed
Info in <TCanvas::Print>: pdf file /data9/YangMingShanExperiments/YangMingHotspotResort/LowLevelProcessedData/DailyPlots/PDF/20260119_Det01_Exp0001_Run000005_001_Mu_HitLevelCombined4Layers_NoSelection.pdf has been created
Info in <TCanvas::Print>: Current canvas added to pdf file /data9/YangMingShanExperiments/YangMingHotspotResort/LowLevelProcessedData/DailyPlots/PDF/20260119_Det01_Exp0001_Run000005_001_Mu_HitLevelCombined4Layers_NoSelection.pdf
Info in <TCanvas::Print>: Current canvas added to pdf file /data9/YangMingShanExperiments/YangMingHotspotResort/LowLevelProcessedData/DailyPlots/PDF/20260119_Det01_Exp0001_Run000005_001_Mu_HitLevelCombined4Layers_NoSelection.pdf
Info in <TCanvas::Print>: Current canvas added to pdf file /data9/YangMingShanExperiments/YangMingHotspotResort/LowLevelProcessedData/DailyPlots/PDF/20260119_Det01_Exp0001_Run000005_001_Mu_HitLevelCombined4Layers_NoSelection.pdf
Info in <TCanvas::Print>: Current canvas added to pdf file /data9/YangMingShanExperiments/YangMingHotspotResort/LowLevelProcessedData/DailyPlots/PDF/20260119_Det01_Exp0001_Run000005_001_Mu_HitLevelCombined4Layers_NoSelection.pdf
Info in <TCanvas::Print>: pdf file /data9/YangMingShanExperiments/YangMingHotspotResort/LowLevelProcessedData/DailyPlots/PDF/20260119_Det01_Exp0001_Run000005_001_Mu_HitLevelCombined4Layers_NoSelection.pdf has been closed
Info in <TCanvas::Print>: png file /data9/YangMingShanExperiments/YangMingHotspotResort/LowLevelProcessedData/DailyPlots/20260119_Det01_Exp0001_Run000005_001_Mu_HitLevelCombined4Layers_NoSelection.png has been created
Info in <TCanvas::Print>: pdf file /data9/YangMingShanExperiments/YangMingHotspotResort/LowLevelProcessedData/DailyPlots/PDF/20260119_Det01_Exp0001_Run000005_001_Mu_HitLevelPerBoard.pdf has been created
Info in <TCanvas::Print>: Current canvas added to pdf file /data9/YangMingShanExperiments/YangMingHotspotResort/LowLevelProcessedData/DailyPlots/PDF/20260119_Det01_Exp0001_Run000005_001_Mu_HitLevelPerBoard.pdf
Info in <TCanvas::Print>: Current canvas added to pdf file /data9/YangMingShanExperiments/YangMingHotspotResort/LowLevelProcessedData/DailyPlots/PDF/20260119_Det01_Exp0001_Run000005_001_Mu_HitLevelPerBoard.pdf
Info in <TCanvas::Print>: Current canvas added to pdf file /data9/YangMingShanExperiments/YangMingHotspotResort/LowLevelProcessedData/DailyPlots/PDF/20260119_Det01_Exp0001_Run000005_001_Mu_HitLevelPerBoard.pdf
Info in <TCanvas::Print>: Current canvas added to pdf file /data9/YangMingShanExperiments/YangMingHotspotResort/LowLevelProcessedData/DailyPlots/PDF/20260119_Det01_Exp0001_Run000005_001_Mu_HitLevelPerBoard.pdf
Info in <TCanvas::Print>: Current canvas added to pdf file /data9/YangMingShanExperiments/YangMingHotspotResort/LowLevelProcessedData/DailyPlots/PDF/20260119_Det01_Exp0001_Run000005_001_Mu_HitLevelPerBoard.pdf
Info in <TCanvas::Print>: Current canvas added to pdf file /data9/YangMingShanExperiments/YangMingHotspotResort/LowLevelProcessedData/DailyPlots/PDF/20260119_Det01_Exp0001_Run000005_001_Mu_HitLevelPerBoard.pdf
Info in <TCanvas::Print>: Current canvas added to pdf file /data9/YangMingShanExperiments/YangMingHotspotResort/LowLevelProcessedData/DailyPlots/PDF/20260119_Det01_Exp0001_Run000005_001_Mu_HitLevelPerBoard.pdf
Info in <TCanvas::Print>: Current canvas added to pdf file /data9/YangMingShanExperiments/YangMingHotspotResort/LowLevelProcessedData/DailyPlots/PDF/20260119_Det01_Exp0001_Run000005_001_Mu_HitLevelPerBoard.pdf
Info in <TCanvas::Print>: Current canvas added to pdf file /data9/YangMingShanExperiments/YangMingHotspotResort/LowLevelProcessedData/DailyPlots/PDF/20260119_Det01_Exp0001_Run000005_001_Mu_HitLevelPerBoard.pdf
Info in <TCanvas::Print>: Current canvas added to pdf file /data9/YangMingShanExperiments/YangMingHotspotResort/LowLevelProcessedData/DailyPlots/PDF/20260119_Det01_Exp0001_Run000005_001_Mu_HitLevelPerBoard.pdf
Info in <TCanvas::Print>: Current canvas added to pdf file /data9/YangMingShanExperiments/YangMingHotspotResort/LowLevelProcessedData/DailyPlots/PDF/20260119_Det01_Exp0001_Run000005_001_Mu_HitLevelPerBoard.pdf
Info in <TCanvas::Print>: Current canvas added to pdf file /data9/YangMingShanExperiments/YangMingHotspotResort/LowLevelProcessedData/DailyPlots/PDF/20260119_Det01_Exp0001_Run000005_001_Mu_HitLevelPerBoard.pdf
Info in <TCanvas::Print>: Current canvas added to pdf file /data9/YangMingShanExperiments/YangMingHotspotResort/LowLevelProcessedData/DailyPlots/PDF/20260119_Det01_Exp0001_Run000005_001_Mu_HitLevelPerBoard.pdf
Info in <TCanvas::Print>: Current canvas added to pdf file /data9/YangMingShanExperiments/YangMingHotspotResort/LowLevelProcessedData/DailyPlots/PDF/20260119_Det01_Exp0001_Run000005_001_Mu_HitLevelPerBoard.pdf
Info in <TCanvas::Print>: Current canvas added to pdf file /data9/YangMingShanExperiments/YangMingHotspotResort/LowLevelProcessedData/DailyPlots/PDF/20260119_Det01_Exp0001_Run000005_001_Mu_HitLevelPerBoard.pdf
Info in <TCanvas::Print>: Current canvas added to pdf file /data9/YangMingShanExperiments/YangMingHotspotResort/LowLevelProcessedData/DailyPlots/PDF/20260119_Det01_Exp0001_Run000005_001_Mu_HitLevelPerBoard.pdf
Info in <TCanvas::Print>: pdf file /data9/YangMingShanExperiments/YangMingHotspotResort/LowLevelProcessedData/DailyPlots/PDF/20260119_Det01_Exp0001_Run000005_001_Mu_HitLevelPerBoard.pdf has been closed
Info in <TCanvas::Print>: pdf file /data9/YangMingShanExperiments/YangMingHotspotResort/LowLevelProcessedData/DailyPlots/PDF/20260119_Det01_Exp0001_Run000005_001_Mu_HitLevelCombined4Layers.pdf has been created
Info in <TCanvas::Print>: Current canvas added to pdf file /data9/YangMingShanExperiments/YangMingHotspotResort/LowLevelProcessedData/DailyPlots/PDF/20260119_Det01_Exp0001_Run000005_001_Mu_HitLevelCombined4Layers.pdf
Info in <TCanvas::Print>: Current canvas added to pdf file /data9/YangMingShanExperiments/YangMingHotspotResort/LowLevelProcessedData/DailyPlots/PDF/20260119_Det01_Exp0001_Run000005_001_Mu_HitLevelCombined4Layers.pdf
Info in <TCanvas::Print>: Current canvas added to pdf file /data9/YangMingShanExperiments/YangMingHotspotResort/LowLevelProcessedData/DailyPlots/PDF/20260119_Det01_Exp0001_Run000005_001_Mu_HitLevelCombined4Layers.pdf
Info in <TCanvas::Print>: Current canvas added to pdf file /data9/YangMingShanExperiments/YangMingHotspotResort/LowLevelProcessedData/DailyPlots/PDF/20260119_Det01_Exp0001_Run000005_001_Mu_HitLevelCombined4Layers.pdf
Info in <TCanvas::Print>: pdf file /data9/YangMingShanExperiments/YangMingHotspotResort/LowLevelProcessedData/DailyPlots/PDF/20260119_Det01_Exp0001_Run000005_001_Mu_HitLevelCombined4Layers.pdf has been closed
Info in <TCanvas::Print>: png file /data9/YangMingShanExperiments/YangMingHotspotResort/LowLevelProcessedData/DailyPlots/20260119_Det01_Exp0001_Run000005_001_Mu_HitLevelCombined4Layers.png has been created

--> Flattening events to hits...
Generating individual Board maps...
Part 1 Done. Saved to /data9/YangMingShanExperiments/YangMingHotspotResort/LowLevelProcessedData/DailyPlots/PDF/20260119_Det01_Exp0001_Run000005_001_Mu_HitLevelPerBoard_NoSelection.pdf
Generating combined Layer maps...
Part 2 Done. Saved PDF to /data9/YangMingShanExperiments/YangMingHotspotResort/LowLevelProcessedData/DailyPlots/PDF/20260119_Det01_Exp0001_Run000005_001_Mu_HitLevelCombined4Layers_NoSelection.pdf
Summary Image Saved to /data9/YangMingShanExperiments/YangMingHotspotResort/LowLevelProcessedData/DailyPlots/20260119_Det01_Exp0001_Run000005_001_Mu_HitLevelCombined4Layers_NoSelection.png

--> Flattening events to hits...
Generating individual Board maps...
Part 1 Done. Saved to /data9/YangMingShanExperiments/YangMingHotspotResort/LowLevelProcessedData/DailyPlots/PDF/20260119_Det01_Exp0001_Run000005_001_Mu_HitLevelPerBoard.pdf
Generating combined Layer maps...
Part 2 Done. Saved PDF to /data9/YangMingShanExperiments/YangMingHotspotResort/LowLevelProcessedData/DailyPlots/PDF/20260119_Det01_Exp0001_Run000005_001_Mu_HitLevelCombined4Layers.pdf
Summary Image Saved to /data9/YangMingShanExperiments/YangMingHotspotResort/LowLevelProcessedData/DailyPlots/20260119_Det01_Exp0001_Run000005_001_Mu_HitLevelCombined4Layers.png
[4/5] Executing 003_2_PwidthDistribution.py ...
           Minimizer Type :         Minuit2
      Minimizer Algorithm :        Combined
                 Strategy :               1
                Tolerance :            0.01
           Max func calls :         1000000
           Max iterations :               0
           Func Precision :              -1
         Error definition :               1
              Print Level :               1
Starting Pwidth Distribution Plotting...

--> Flattening events to hits...
Building Histograms:   0%|          | 0/16 [00:00<?, ?it/s]Building Histograms:  56%|█████▋    | 9/16 [00:00<00:00, 85.62it/s]Building Histograms: 100%|██████████| 16/16 [00:00<00:00, 109.24it/s]
Info in <TCanvas::Print>: pdf file /data9/YangMingShanExperiments/YangMingHotspotResort/LowLevelProcessedData/DailyPlots/20260119_Det01_Exp0001_Run000005_001_Mu_TOT_TEST.pdf has been created
Plotting Boards:   0%|          | 0/16 [00:00<?, ?it/s]TH1F::Sumw2:0: RuntimeWarning: Sum of squares of weights structure already created
Info in <ROOT::Math::ParameterSettings>: lower/upper bounds outside current parameter value. The value will be set to (low+up)/2 
Minuit2Minimizer: Minimize with max-calls 1000000 convergence for edm < 0.01 strategy 1
Minuit2Minimizer : Valid minimum - status = 0
FVAL  = 17.949995438932671
Edm   = 6.97332495185499441e-06
Nfcn  = 282
Width	  = 1	 +/-  1.28715	(limited)
MP	  = 19.1991	 +/-  0.286046	(limited)
Area	  = 372.667	 +/-  23.2803	(limited)
GSigma	  = 3.01457	 +/-  0.340043	(limited)
****************************************
Minimizer is Minuit2 / Combined
Chi2                      =        17.95
NDf                       =            9
Edm                       =  6.97332e-06
NCalls                    =          282
Width                     =            1   +/-   1.28715      	 (limited)
MP                        =      19.1991   +/-   0.286046     	 (limited)
Area                      =      372.667   +/-   23.2803      	 (limited)
GSigma                    =      3.01457   +/-   0.340043     	 (limited)
TH1F::Sumw2:0: RuntimeWarning: Sum of squares of weights structure already created
Info in <ROOT::Math::ParameterSettings>: lower/upper bounds outside current parameter value. The value will be set to (low+up)/2 
Minuit2Minimizer: Minimize with max-calls 1000000 convergence for edm < 0.01 strategy 1
Minuit2Minimizer : Valid minimum - status = 0
FVAL  = 4.46115148081426227
Edm   = 5.71093140401577665e-06
Nfcn  = 330
Width	  = 1.00001	 +/-  3.92798	(limited)
MP	  = 18.1172	 +/-  0.322822	(limited)
Area	  = 350.151	 +/-  26.44	(limited)
GSigma	  = 2.90475	 +/-  0.481949	(limited)
****************************************
Minimizer is Minuit2 / Combined
Chi2                      =      4.46115
NDf                       =            7
Edm                       =  5.71093e-06
NCalls                    =          330
Width                     =      1.00001   +/-   3.92798      	 (limited)
MP                        =      18.1172   +/-   0.322822     	 (limited)
Area                      =      350.151   +/-   26.44        	 (limited)
GSigma                    =      2.90475   +/-   0.481949     	 (limited)
TH1F::Sumw2:0: RuntimeWarning: Sum of squares of weights structure already created
Info in <ROOT::Math::ParameterSettings>: lower/upper bounds outside current parameter value. The value will be set to (low+up)/2 
Minuit2Minimizer: Minimize with max-calls 1000000 convergence for edm < 0.01 strategy 1
Minuit2Minimizer : Valid minimum - status = 0
FVAL  = 4.81732650943881158
Edm   = 3.44235210481252032e-08
Nfcn  = 207
Width	  = 1.21555	 +/-  0.392794	(limited)
MP	  = 18.1693	 +/-  0.238	(limited)
Area	  = 303.061	 +/-  26.8868	(limited)
GSigma	  = 1.54956	 +/-  0.663249	(limited)
****************************************
Minimizer is Minuit2 / Combined
Chi2                      =      4.81733
NDf                       =            7
Edm                       =  3.44235e-08
NCalls                    =          207
Width                     =      1.21555   +/-   0.392794     	 (limited)
MP                        =      18.1693   +/-   0.238        	 (limited)
Area                      =      303.061   +/-   26.8868      	 (limited)
GSigma                    =      1.54956   +/-   0.663249     	 (limited)
TH1F::Sumw2:0: RuntimeWarning: Sum of squares of weights structure already created
Info in <ROOT::Math::ParameterSettings>: lower/upper bounds outside current parameter value. The value will be set to (low+up)/2 
Minuit2Minimizer: Minimize with max-calls 1000000 convergence for edm < 0.01 strategy 1
Minuit2Minimizer : Valid minimum - status = 0
FVAL  = 7.22584616712941852
Edm   = 1.0954761558305492e-06
Nfcn  = 191
Width	  = 2.54102	 +/-  0.794627	(limited)
MP	  = 17.9853	 +/-  0.497474	(limited)
Area	  = 502.269	 +/-  53.1085	(limited)
GSigma	  = 2.03017	 +/-  1.32769	(limited)
****************************************
Minimizer is Minuit2 / Combined
Chi2                      =      7.22585
NDf                       =           11
Edm                       =  1.09548e-06
NCalls                    =          191
Width                     =      2.54102   +/-   0.794627     	 (limited)
MP                        =      17.9853   +/-   0.497474     	 (limited)
Area                      =      502.269   +/-   53.1085      	 (limited)
GSigma                    =      2.03017   +/-   1.32769      	 (limited)
TH1F::Sumw2:0: RuntimeWarning: Sum of squares of weights structure already created
Info in <ROOT::Math::ParameterSettings>: lower/upper bounds outside current parameter value. The value will be set to (low+up)/2 
Minuit2Minimizer: Minimize with max-calls 1000000 convergence for edm < 0.01 strategy 1
Minuit2Minimizer : Valid minimum - status = 0
FVAL  = 12.509202685110715
Edm   = 4.82032120518088175e-07
Nfcn  = 211
Width	  = 2.07958	 +/-  1.24113	(limited)
MP	  = 17.8426	 +/-  0.697279	(limited)
Area	  = 409.048	 +/-  72.0927	(limited)
GSigma	  = 1.95985	 +/-  2.43852	(limited)
****************************************
Minimizer is Minuit2 / Combined
Chi2                      =      12.5092
NDf                       =            7
Edm                       =  4.82032e-07
NCalls                    =          211
Width                     =      2.07958   +/-   1.24113      	 (limited)
MP                        =      17.8426   +/-   0.697279     	 (limited)
Area                      =      409.048   +/-   72.0927      	 (limited)
GSigma                    =      1.95985   +/-   2.43852      	 (limited)
TH1F::Sumw2:0: RuntimeWarning: Sum of squares of weights structure already created
Info in <ROOT::Math::ParameterSettings>: lower/upper bounds outside current parameter value. The value will be set to (low+up)/2 
Minuit2Minimizer: Minimize with max-calls 1000000 convergence for edm < 0.01 strategy 1
Minuit2Minimizer : Valid minimum - status = 0
FVAL  = 3.77986188298346271
Edm   = 5.19859265233483499e-07
Nfcn  = 157
Width	  = 1.87726	 +/-  0.231241	(limited)
MP	  = 17.9007	 +/-  0.274948	(limited)
Area	  = 440.274	 +/-  34.9407	(limited)
GSigma	  = 1	 +/-  2.52463	(limited)
****************************************
Minimizer is Minuit2 / Combined
Chi2                      =      3.77986
NDf                       =            7
Edm                       =  5.19859e-07
NCalls                    =          157
Width                     =      1.87726   +/-   0.231241     	 (limited)
MP                        =      17.9007   +/-   0.274948     	 (limited)
Area                      =      440.274   +/-   34.9407      	 (limited)
GSigma                    =            1   +/-   2.52463      	 (limited)
TH1F::Sumw2:0: RuntimeWarning: Sum of squares of weights structure already created
Info in <ROOT::Math::ParameterSettings>: lower/upper bounds outside current parameter value. The value will be set to (low+up)/2 
Minuit2Minimizer: Minimize with max-calls 1000000 convergence for edm < 0.01 strategy 1
Minuit2Minimizer : Valid minimum - status = 0
FVAL  = 11.616351087589754
Edm   = 1.04539637929998378e-06
Nfcn  = 154
Width	  = 2.30821	 +/-  0.326142	(limited)
MP	  = 17.7161	 +/-  0.326535	(limited)
Area	  = 491.088	 +/-  41.6734	(limited)
GSigma	  = 1	 +/-  0.578304	(limited)
****************************************
Minimizer is Minuit2 / Combined
Chi2                      =      11.6164
NDf                       =            9
Edm                       =   1.0454e-06
NCalls                    =          154
Width                     =      2.30821   +/-   0.326142     	 (limited)
MP                        =      17.7161   +/-   0.326535     	 (limited)
Area                      =      491.088   +/-   41.6734      	 (limited)
GSigma                    =            1   +/-   0.578304     	 (limited)
TH1F::Sumw2:0: RuntimeWarning: Sum of squares of weights structure already created
Info in <ROOT::Math::ParameterSettings>: lower/upper bounds outside current parameter value. The value will be set to (low+up)/2 
Minuit2Minimizer: Minimize with max-calls 1000000 convergence for edm < 0.01 strategy 1
Minuit2Minimizer : Valid minimum - status = 0
FVAL  = 4.08921420709377514
Edm   = 2.89817799971642128e-06
Nfcn  = 285
Width	  = 1	 +/-  1.77187	(limited)
MP	  = 17.8105	 +/-  0.303342	(limited)
Area	  = 431.081	 +/-  28.3553	(limited)
GSigma	  = 3.20428	 +/-  0.42211	(limited)
****************************************
Minimizer is Minuit2 / Combined
Chi2                      =      4.08921
NDf                       =            8
Edm                       =  2.89818e-06
NCalls                    =          285
Width                     =            1   +/-   1.77187      	 (limited)
MP                        =      17.8105   +/-   0.303342     	 (limited)
Area                      =      431.081   +/-   28.3553      	 (limited)
GSigma                    =      3.20428   +/-   0.42211      	 (limited)
TH1F::Sumw2:0: RuntimeWarning: Sum of squares of weights structure already created
Info in <ROOT::Math::ParameterSettings>: lower/upper bounds outside current parameter value. The value will be set to (low+up)/2 
Minuit2Minimizer: Minimize with max-calls 1000000 convergence for edm < 0.01 strategy 1
Minuit2Minimizer : Valid minimum - status = 0
FVAL  = 4.08625497684469874
Edm   = 1.16641509666882933e-05
Nfcn  = 184
Width	  = 2.21546	 +/-  0.985114	(limited)
MP	  = 18.4519	 +/-  0.546714	(limited)
Area	  = 517.779	 +/-  76.0853	(limited)
GSigma	  = 1.97014	 +/-  1.40099	(limited)
****************************************
Minimizer is Minuit2 / Combined
Chi2                      =      4.08625
NDf                       =            8
Edm                       =  1.16642e-05
NCalls                    =          184
Width                     =      2.21546   +/-   0.985114     	 (limited)
MP                        =      18.4519   +/-   0.546714     	 (limited)
Area                      =      517.779   +/-   76.0853      	 (limited)
GSigma                    =      1.97014   +/-   1.40099      	 (limited)
TH1F::Sumw2:0: RuntimeWarning: Sum of squares of weights structure already created
Info in <ROOT::Math::ParameterSettings>: lower/upper bounds outside current parameter value. The value will be set to (low+up)/2 
Minuit2Minimizer: Minimize with max-calls 1000000 convergence for edm < 0.01 strategy 1
Minuit2Minimizer : Valid minimum - status = 0
FVAL  = 6.51718892487441703
Edm   = 4.43013091970515353e-07
Nfcn  = 232
Width	  = 1	 +/-  0.365828	(limited)
MP	  = 17.1815	 +/-  0.197693	(limited)
Area	  = 443.535	 +/-  25.5597	(limited)
GSigma	  = 2.01107	 +/-  0.244206	(limited)
****************************************
Minimizer is Minuit2 / Combined
Chi2                      =      6.51719
NDf                       =            6
Edm                       =  4.43013e-07
NCalls                    =          232
Width                     =            1   +/-   0.365828     	 (limited)
MP                        =      17.1815   +/-   0.197693     	 (limited)
Area                      =      443.535   +/-   25.5597      	 (limited)
GSigma                    =      2.01107   +/-   0.244206     	 (limited)
TH1F::Sumw2:0: RuntimeWarning: Sum of squares of weights structure already created
Info in <ROOT::Math::ParameterSettings>: lower/upper bounds outside current parameter value. The value will be set to (low+up)/2 
Minuit2Minimizer: Minimize with max-calls 1000000 convergence for edm < 0.01 strategy 1
Minuit2Minimizer : Valid minimum - status = 0
FVAL  = 6.22567887341968085
Edm   = 2.23038860349152418e-07
Nfcn  = 217
Width	  = 1.82247	 +/-  0.706032	(limited)
MP	  = 16.56	 +/-  0.260582	(limited)
Area	  = 596.281	 +/-  65.1629	(limited)
GSigma	  = 2.30097	 +/-  0.838581	(limited)
****************************************
Minimizer is Minuit2 / Combined
Chi2                      =      6.22568
NDf                       =           10
Edm                       =  2.23039e-07
NCalls                    =          217
Width                     =      1.82247   +/-   0.706032     	 (limited)
MP                        =        16.56   +/-   0.260582     	 (limited)
Area                      =      596.281   +/-   65.1629      	 (limited)
GSigma                    =      2.30097   +/-   0.838581     	 (limited)
TH1F::Sumw2:0: RuntimeWarning: Sum of squares of weights structure already created
Info in <ROOT::Math::ParameterSettings>: lower/upper bounds outside current parameter value. The value will be set to (low+up)/2 
Minuit2Minimizer: Minimize with max-calls 1000000 convergence for edm < 0.01 strategy 1
Minuit2Minimizer : Valid minimum - status = 0
FVAL  = 4.21595073683791277
Edm   = 2.09103177696579124e-06
Nfcn  = 212
Width	  = 2.17876	 +/-  0.237304	(limited)
MP	  = 16.5408	 +/-  0.262031	(limited)
Area	  = 629.42	 +/-  42.2842	(limited)
GSigma	  = 1	 +/-  2.50175	(limited)
****************************************
Minimizer is Minuit2 / Combined
Chi2                      =      4.21595
NDf                       =            9
Edm                       =  2.09103e-06
NCalls                    =          212
Width                     =      2.17876   +/-   0.237304     	 (limited)
MP                        =      16.5408   +/-   0.262031     	 (limited)
Area                      =       629.42   +/-   42.2842      	 (limited)
GSigma                    =            1   +/-   2.50175      	 (limited)
TH1F::Sumw2:0: RuntimeWarning: Sum of squares of weights structure already created
Info in <ROOT::Math::ParameterSettings>: lower/upper bounds outside current parameter value. The value will be set to (low+up)/2 
Minuit2Minimizer: Minimize with max-calls 1000000 convergence for edm < 0.01 strategy 1
Minuit2Minimizer : Valid minimum - status = 0
FVAL  = 1.05714976496872559
Edm   = 1.30446395211326133e-05
Nfcn  = 310
Width	  = 1.0002	 +/-  19.1232	(limited)
MP	  = 17.2316	 +/-  0.167348	(limited)
Area	  = 565.11	 +/-  33.107	(limited)
GSigma	  = 1.74159	 +/-  0.290697	(limited)
****************************************
Minimizer is Minuit2 / Combined
Chi2                      =      1.05715
NDf                       =            5
Edm                       =  1.30446e-05
NCalls                    =          310
Width                     =       1.0002   +/-   19.1232      	 (limited)
MP                        =      17.2316   +/-   0.167348     	 (limited)
Area                      =       565.11   +/-   33.107       	 (limited)
GSigma                    =      1.74159   +/-   0.290697     	 (limited)
TH1F::Sumw2:0: RuntimeWarning: Sum of squares of weights structure already created
Info in <ROOT::Math::ParameterSettings>: lower/upper bounds outside current parameter value. The value will be set to (low+up)/2 
Minuit2Minimizer: Minimize with max-calls 1000000 convergence for edm < 0.01 strategy 1
Minuit2Minimizer : Valid minimum - status = 0
FVAL  = 3.92809409564211709
Edm   = 3.7016910419962546e-07
Nfcn  = 219
Width	  = 1.26967	 +/-  0.380341	(limited)
MP	  = 17.4028	 +/-  0.175607	(limited)
Area	  = 659.887	 +/-  53.0433	(limited)
GSigma	  = 1.62153	 +/-  0.574251	(limited)
****************************************
Minimizer is Minuit2 / Combined
Chi2                      =      3.92809
NDf                       =            6
Edm                       =  3.70169e-07
NCalls                    =          219
Width                     =      1.26967   +/-   0.380341     	 (limited)
MP                        =      17.4028   +/-   0.175607     	 (limited)
Area                      =      659.887   +/-   53.0433      	 (limited)
GSigma                    =      1.62153   +/-   0.574251     	 (limited)
TH1F::Sumw2:0: RuntimeWarning: Sum of squares of weights structure already created
Info in <ROOT::Math::ParameterSettings>: lower/upper bounds outside current parameter value. The value will be set to (low+up)/2 
Minuit2Minimizer: Minimize with max-calls 1000000 convergence for edm < 0.01 strategy 1
Minuit2Minimizer : Valid minimum - status = 0
FVAL  = 7.18254625949684034
Edm   = 5.34898961971803542e-07
Nfcn  = 249
Width	  = 2.04901	 +/-  0.23866	(limited)
MP	  = 17.5996	 +/-  0.227189	(limited)
Area	  = 823.686	 +/-  57.6694	(limited)
GSigma	  = 1	 +/-  2.48628	(limited)
****************************************
Minimizer is Minuit2 / Combined
Chi2                      =      7.18255
NDf                       =            7
Edm                       =  5.34899e-07
NCalls                    =          249
Width                     =      2.04901   +/-   0.23866      	 (limited)
MP                        =      17.5996   +/-   0.227189     	 (limited)
Area                      =      823.686   +/-   57.6694      	 (limited)
GSigma                    =            1   +/-   2.48628      	 (limited)
TH1F::Sumw2:0: RuntimeWarning: Sum of squares of weights structure already created
Info in <ROOT::Math::ParameterSettings>: lower/upper bounds outside current parameter value. The value will be set to (low+up)/2 
Minuit2Minimizer: Minimize with max-calls 1000000 convergence for edm < 0.01 strategy 1
Minuit2Minimizer : Valid minimum - status = 0
FVAL  = 2.24465391280651527
Edm   = 6.29669408423979453e-07
Nfcn  = 224
Width	  = 1.37067	 +/-  0.543087	(limited)
MP	  = 17.094	 +/-  0.173527	(limited)
Area	  = 722.282	 +/-  70.5787	(limited)
GSigma	  = 1.7895	 +/-  0.738699	(limited)
****************************************
Minimizer is Minuit2 / Combined
Chi2                      =      2.24465
NDf                       =            7
Edm                       =  6.29669e-07
NCalls                    =          224
Width                     =      1.37067   +/-   0.543087     	 (limited)
MP                        =       17.094   +/-   0.173527     	 (limited)
Area                      =      722.282   +/-   70.5787      	 (limited)
GSigma                    =       1.7895   +/-   0.738699     	 (limited)
Info in <TCanvas::Print>: Current canvas added to pdf file /data9/YangMingShanExperiments/YangMingHotspotResort/LowLevelProcessedData/DailyPlots/20260119_Det01_Exp0001_Run000005_001_Mu_TOT_TEST.pdf
Plotting Boards:   6%|▋         | 1/16 [00:00<00:07,  2.10it/s]TH1F::Sumw2:0: RuntimeWarning: Sum of squares of weights structure already created
Info in <ROOT::Math::ParameterSettings>: lower/upper bounds outside current parameter value. The value will be set to (low+up)/2 
Minuit2Minimizer: Minimize with max-calls 1000000 convergence for edm < 0.01 strategy 1
Minuit2Minimizer : Valid minimum - status = 0
FVAL  = 8.02032817302777445
Edm   = 1.90020654697667151e-07
Nfcn  = 268
Width	  = 1	 +/-  0.737248	(limited)
MP	  = 18.4666	 +/-  0.263733	(limited)
Area	  = 425.641	 +/-  27.0767	(limited)
GSigma	  = 2.72175	 +/-  0.360897	(limited)
****************************************
Minimizer is Minuit2 / Combined
Chi2                      =      8.02033
NDf                       =            7
Edm                       =  1.90021e-07
NCalls                    =          268
Width                     =            1   +/-   0.737248     	 (limited)
MP                        =      18.4666   +/-   0.263733     	 (limited)
Area                      =      425.641   +/-   27.0767      	 (limited)
GSigma                    =      2.72175   +/-   0.360897     	 (limited)
TH1F::Sumw2:0: RuntimeWarning: Sum of squares of weights structure already created
Info in <ROOT::Math::ParameterSettings>: lower/upper bounds outside current parameter value. The value will be set to (low+up)/2 
Minuit2Minimizer: Minimize with max-calls 1000000 convergence for edm < 0.01 strategy 1
Minuit2Minimizer : Valid minimum - status = 0
FVAL  = 8.20418629734922789
Edm   = 4.73158367873779113e-06
Nfcn  = 325
Width	  = 1	 +/-  0.591459	(limited)
MP	  = 18.6432	 +/-  0.26397	(limited)
Area	  = 439.402	 +/-  27.3034	(limited)
GSigma	  = 2.76476	 +/-  0.326014	(limited)
****************************************
Minimizer is Minuit2 / Combined
Chi2                      =      8.20419
NDf                       =            7
Edm                       =  4.73158e-06
NCalls                    =          325
Width                     =            1   +/-   0.591459     	 (limited)
MP                        =      18.6432   +/-   0.26397      	 (limited)
Area                      =      439.402   +/-   27.3034      	 (limited)
GSigma                    =      2.76476   +/-   0.326014     	 (limited)
TH1F::Sumw2:0: RuntimeWarning: Sum of squares of weights structure already created
Info in <ROOT::Math::ParameterSettings>: lower/upper bounds outside current parameter value. The value will be set to (low+up)/2 
Minuit2Minimizer: Minimize with max-calls 1000000 convergence for edm < 0.01 strategy 1
Minuit2Minimizer : Valid minimum - status = 0
FVAL  = 4.21092696274131484
Edm   = 7.22286586978201182e-06
Nfcn  = 280
Width	  = 1.00001	 +/-  2.41066	(limited)
MP	  = 18.542	 +/-  0.248105	(limited)
Area	  = 404.8	 +/-  28.2232	(limited)
GSigma	  = 2.22243	 +/-  0.367165	(limited)
****************************************
Minimizer is Minuit2 / Combined
Chi2                      =      4.21093
NDf                       =            5
Edm                       =  7.22287e-06
NCalls                    =          280
Width                     =      1.00001   +/-   2.41066      	 (limited)
MP                        =       18.542   +/-   0.248105     	 (limited)
Area                      =        404.8   +/-   28.2232      	 (limited)
GSigma                    =      2.22243   +/-   0.367165     	 (limited)
TH1F::Sumw2:0: RuntimeWarning: Sum of squares of weights structure already created
Info in <ROOT::Math::ParameterSettings>: lower/upper bounds outside current parameter value. The value will be set to (low+up)/2 
Minuit2Minimizer: Minimize with max-calls 1000000 convergence for edm < 0.01 strategy 1
Minuit2Minimizer : Valid minimum - status = 0
FVAL  = 9.46686747670320194
Edm   = 9.8918444225546163e-06
Nfcn  = 175
Width	  = 2.18581	 +/-  0.734758	(limited)
MP	  = 19.3928	 +/-  0.503407	(limited)
Area	  = 509.102	 +/-  68.0439	(limited)
GSigma	  = 1.32956	 +/-  2.11432	(limited)
****************************************
Minimizer is Minuit2 / Combined
Chi2                      =      9.46687
NDf                       =            7
Edm                       =  9.89184e-06
NCalls                    =          175
Width                     =      2.18581   +/-   0.734758     	 (limited)
MP                        =      19.3928   +/-   0.503407     	 (limited)
Area                      =      509.102   +/-   68.0439      	 (limited)
GSigma                    =      1.32956   +/-   2.11432      	 (limited)
TH1F::Sumw2:0: RuntimeWarning: Sum of squares of weights structure already created
Info in <ROOT::Math::ParameterSettings>: lower/upper bounds outside current parameter value. The value will be set to (low+up)/2 
Minuit2Minimizer: Minimize with max-calls 1000000 convergence for edm < 0.01 strategy 1
Minuit2Minimizer : Valid minimum - status = 0
FVAL  = 5.29230698932578392
Edm   = 4.34084837847767063e-06
Nfcn  = 165
Width	  = 2.13604	 +/-  0.44817	(limited)
MP	  = 18.4856	 +/-  0.308742	(limited)
Area	  = 587.187	 +/-  45.1037	(limited)
GSigma	  = 1.44493	 +/-  0.849008	(limited)
****************************************
Minimizer is Minuit2 / Combined
Chi2                      =      5.29231
NDf                       =           10
Edm                       =  4.34085e-06
NCalls                    =          165
Width                     =      2.13604   +/-   0.44817      	 (limited)
MP                        =      18.4856   +/-   0.308742     	 (limited)
Area                      =      587.187   +/-   45.1037      	 (limited)
GSigma                    =      1.44493   +/-   0.849008     	 (limited)
TH1F::Sumw2:0: RuntimeWarning: Sum of squares of weights structure already created
Info in <ROOT::Math::ParameterSettings>: lower/upper bounds outside current parameter value. The value will be set to (low+up)/2 
Minuit2Minimizer: Minimize with max-calls 1000000 convergence for edm < 0.01 strategy 1
Minuit2Minimizer : Valid minimum - status = 0
FVAL  = 9.34127066443310206
Edm   = 8.23957272557804484e-06
Nfcn  = 316
Width	  = 1	 +/-  0.856706	(limited)
MP	  = 17.8143	 +/-  0.361922	(limited)
Area	  = 492.388	 +/-  32.5619	(limited)
GSigma	  = 3.89991	 +/-  0.472305	(limited)
****************************************
Minimizer is Minuit2 / Combined
Chi2                      =      9.34127
NDf                       =            9
Edm                       =  8.23957e-06
NCalls                    =          316
Width                     =            1   +/-   0.856706     	 (limited)
MP                        =      17.8143   +/-   0.361922     	 (limited)
Area                      =      492.388   +/-   32.5619      	 (limited)
GSigma                    =      3.89991   +/-   0.472305     	 (limited)
TH1F::Sumw2:0: RuntimeWarning: Sum of squares of weights structure already created
Info in <ROOT::Math::ParameterSettings>: lower/upper bounds outside current parameter value. The value will be set to (low+up)/2 
Minuit2Minimizer: Minimize with max-calls 1000000 convergence for edm < 0.01 strategy 1
Minuit2Minimizer : Valid minimum - status = 0
FVAL  = 1.80903889160911513
Edm   = 9.37958312046294302e-06
Nfcn  = 289
Width	  = 1.00537	 +/-  14.0434	(limited)
MP	  = 18.1625	 +/-  0.209373	(limited)
Area	  = 434.463	 +/-  51.1609	(limited)
GSigma	  = 1.86647	 +/-  0.729594	(limited)
****************************************
Minimizer is Minuit2 / Combined
Chi2                      =      1.80904
NDf                       =            5
Edm                       =  9.37958e-06
NCalls                    =          289
Width                     =      1.00537   +/-   14.0434      	 (limited)
MP                        =      18.1625   +/-   0.209373     	 (limited)
Area                      =      434.463   +/-   51.1609      	 (limited)
GSigma                    =      1.86647   +/-   0.729594     	 (limited)
TH1F::Sumw2:0: RuntimeWarning: Sum of squares of weights structure already created
Info in <ROOT::Math::ParameterSettings>: lower/upper bounds outside current parameter value. The value will be set to (low+up)/2 
Minuit2Minimizer: Minimize with max-calls 1000000 convergence for edm < 0.01 strategy 1
Minuit2Minimizer : Valid minimum - status = 0
FVAL  = 7.34026356121386669
Edm   = 1.16498871349008172e-06
Nfcn  = 320
Width	  = 1	 +/-  0.319808	(limited)
MP	  = 18.1424	 +/-  0.260225	(limited)
Area	  = 500.526	 +/-  28.8821	(limited)
GSigma	  = 3.03949	 +/-  0.334203	(limited)
****************************************
Minimizer is Minuit2 / Combined
Chi2                      =      7.34026
NDf                       =            8
Edm                       =  1.16499e-06
NCalls                    =          320
Width                     =            1   +/-   0.319808     	 (limited)
MP                        =      18.1424   +/-   0.260225     	 (limited)
Area                      =      500.526   +/-   28.8821      	 (limited)
GSigma                    =      3.03949   +/-   0.334203     	 (limited)
TH1F::Sumw2:0: RuntimeWarning: Sum of squares of weights structure already created
Info in <ROOT::Math::ParameterSettings>: lower/upper bounds outside current parameter value. The value will be set to (low+up)/2 
Minuit2Minimizer: Minimize with max-calls 1000000 convergence for edm < 0.01 strategy 1
Minuit2Minimizer : Valid minimum - status = 0
FVAL  = 2.37488242250756931
Edm   = 4.00789530618510942e-07
Nfcn  = 211
Width	  = 2.08025	 +/-  0.195969	(limited)
MP	  = 17.8356	 +/-  0.247393	(limited)
Area	  = 704.936	 +/-  45.0309	(limited)
GSigma	  = 1	 +/-  2.62192	(limited)
****************************************
Minimizer is Minuit2 / Combined
Chi2                      =      2.37488
NDf                       =            8
Edm                       =   4.0079e-07
NCalls                    =          211
Width                     =      2.08025   +/-   0.195969     	 (limited)
MP                        =      17.8356   +/-   0.247393     	 (limited)
Area                      =      704.936   +/-   45.0309      	 (limited)
GSigma                    =            1   +/-   2.62192      	 (limited)
TH1F::Sumw2:0: RuntimeWarning: Sum of squares of weights structure already created
Info in <ROOT::Math::ParameterSettings>: lower/upper bounds outside current parameter value. The value will be set to (low+up)/2 
Minuit2Minimizer: Minimize with max-calls 1000000 convergence for edm < 0.01 strategy 1
Minuit2Minimizer : Valid minimum - status = 0
FVAL  = 6.53143727977367483
Edm   = 8.51761931777290069e-07
Nfcn  = 366
Width	  = 1	 +/-  2.03852	(limited)
MP	  = 17.9834	 +/-  0.20728	(limited)
Area	  = 674.172	 +/-  31.2223	(limited)
GSigma	  = 2.91772	 +/-  0.263934	(limited)
****************************************
Minimizer is Minuit2 / Combined
Chi2                      =      6.53144
NDf                       =            9
Edm                       =  8.51762e-07
NCalls                    =          366
Width                     =            1   +/-   2.03852      	 (limited)
MP                        =      17.9834   +/-   0.20728      	 (limited)
Area                      =      674.172   +/-   31.2223      	 (limited)
GSigma                    =      2.91772   +/-   0.263934     	 (limited)
TH1F::Sumw2:0: RuntimeWarning: Sum of squares of weights structure already created
Info in <ROOT::Math::ParameterSettings>: lower/upper bounds outside current parameter value. The value will be set to (low+up)/2 
Minuit2Minimizer: Minimize with max-calls 1000000 convergence for edm < 0.01 strategy 1
Minuit2Minimizer : Valid minimum - status = 0
FVAL  = 1.57301271314553759
Edm   = 5.02161718433669644e-06
Nfcn  = 247
Width	  = 1.30034	 +/-  0.511395	(limited)
MP	  = 17.7396	 +/-  0.191318	(limited)
Area	  = 624.727	 +/-  65.0292	(limited)
GSigma	  = 1.76934	 +/-  0.6622	(limited)
****************************************
Minimizer is Minuit2 / Combined
Chi2                      =      1.57301
NDf                       =            6
Edm                       =  5.02162e-06
NCalls                    =          247
Width                     =      1.30034   +/-   0.511395     	 (limited)
MP                        =      17.7396   +/-   0.191318     	 (limited)
Area                      =      624.727   +/-   65.0292      	 (limited)
GSigma                    =      1.76934   +/-   0.6622       	 (limited)
TH1F::Sumw2:0: RuntimeWarning: Sum of squares of weights structure already created
Info in <ROOT::Math::ParameterSettings>: lower/upper bounds outside current parameter value. The value will be set to (low+up)/2 
Minuit2Minimizer: Minimize with max-calls 1000000 convergence for edm < 0.01 strategy 1
Minuit2Minimizer : Valid minimum - status = 0
FVAL  = 7.20311982724805233
Edm   = 1.4484428696098125e-05
Nfcn  = 222
Width	  = 1.36476	 +/-  0.32886	(limited)
MP	  = 17.913	 +/-  0.167105	(limited)
Area	  = 598.709	 +/-  49.2879	(limited)
GSigma	  = 1.0533	 +/-  2.38135	(limited)
****************************************
Minimizer is Minuit2 / Combined
Chi2                      =      7.20312
NDf                       =            6
Edm                       =  1.44844e-05
NCalls                    =          222
Width                     =      1.36476   +/-   0.32886      	 (limited)
MP                        =       17.913   +/-   0.167105     	 (limited)
Area                      =      598.709   +/-   49.2879      	 (limited)
GSigma                    =       1.0533   +/-   2.38135      	 (limited)
TH1F::Sumw2:0: RuntimeWarning: Sum of squares of weights structure already created
Info in <ROOT::Math::ParameterSettings>: lower/upper bounds outside current parameter value. The value will be set to (low+up)/2 
Minuit2Minimizer: Minimize with max-calls 1000000 convergence for edm < 0.01 strategy 1
Minuit2Minimizer : Valid minimum - status = 0
FVAL  = 5.97584811405373006
Edm   = 1.9085601092940952e-06
Nfcn  = 188
Width	  = 2.06708	 +/-  0.190183	(limited)
MP	  = 18.315	 +/-  0.22333	(limited)
Area	  = 839.952	 +/-  49.4192	(limited)
GSigma	  = 1	 +/-  0.418058	(limited)
****************************************
Minimizer is Minuit2 / Combined
Chi2                      =      5.97585
NDf                       =            8
Edm                       =  1.90856e-06
NCalls                    =          188
Width                     =      2.06708   +/-   0.190183     	 (limited)
MP                        =       18.315   +/-   0.22333      	 (limited)
Area                      =      839.952   +/-   49.4192      	 (limited)
GSigma                    =            1   +/-   0.418058     	 (limited)
TH1F::Sumw2:0: RuntimeWarning: Sum of squares of weights structure already created
Info in <ROOT::Math::ParameterSettings>: lower/upper bounds outside current parameter value. The value will be set to (low+up)/2 
Minuit2Minimizer: Minimize with max-calls 1000000 convergence for edm < 0.01 strategy 1
Minuit2Minimizer : Valid minimum - status = 0
FVAL  = 3.86561140471872511
Edm   = 8.7632339134904252e-06
Nfcn  = 232
Width	  = 1	 +/-  0.321806	(limited)
MP	  = 18.6305	 +/-  0.166121	(limited)
Area	  = 795.939	 +/-  35.9038	(limited)
GSigma	  = 2.19477	 +/-  0.238452	(limited)
****************************************
Minimizer is Minuit2 / Combined
Chi2                      =      3.86561
NDf                       =            6
Edm                       =  8.76323e-06
NCalls                    =          232
Width                     =            1   +/-   0.321806     	 (limited)
MP                        =      18.6305   +/-   0.166121     	 (limited)
Area                      =      795.939   +/-   35.9038      	 (limited)
GSigma                    =      2.19477   +/-   0.238452     	 (limited)
TH1F::Sumw2:0: RuntimeWarning: Sum of squares of weights structure already created
Info in <ROOT::Math::ParameterSettings>: lower/upper bounds outside current parameter value. The value will be set to (low+up)/2 
Minuit2Minimizer: Minimize with max-calls 1000000 convergence for edm < 0.01 strategy 1
Minuit2Minimizer : Valid minimum - status = 0
FVAL  = 7.7151857300529425
Edm   = 1.89320840223144898e-09
Nfcn  = 211
Width	  = 1.89059	 +/-  0.175029	(limited)
MP	  = 18.0958	 +/-  0.192879	(limited)
Area	  = 971.252	 +/-  55.3196	(limited)
GSigma	  = 1	 +/-  0.593569	(limited)
****************************************
Minimizer is Minuit2 / Combined
Chi2                      =      7.71519
NDf                       =            7
Edm                       =  1.89321e-09
NCalls                    =          211
Width                     =      1.89059   +/-   0.175029     	 (limited)
MP                        =      18.0958   +/-   0.192879     	 (limited)
Area                      =      971.252   +/-   55.3196      	 (limited)
GSigma                    =            1   +/-   0.593569     	 (limited)
TH1F::Sumw2:0: RuntimeWarning: Sum of squares of weights structure already created
Info in <ROOT::Math::ParameterSettings>: lower/upper bounds outside current parameter value. The value will be set to (low+up)/2 
Minuit2Minimizer: Minimize with max-calls 1000000 convergence for edm < 0.01 strategy 1
Minuit2Minimizer : Valid minimum - status = 0
FVAL  = 8.955319266207173
Edm   = 1.51461491481986347e-08
Nfcn  = 252
Width	  = 1.91532	 +/-  0.219049	(limited)
MP	  = 17.7445	 +/-  0.232494	(limited)
Area	  = 809.605	 +/-  58.0793	(limited)
GSigma	  = 1	 +/-  0.498025	(limited)
****************************************
Minimizer is Minuit2 / Combined
Chi2                      =      8.95532
NDf                       =            6
Edm                       =  1.51461e-08
NCalls                    =          252
Width                     =      1.91532   +/-   0.219049     	 (limited)
MP                        =      17.7445   +/-   0.232494     	 (limited)
Area                      =      809.605   +/-   58.0793      	 (limited)
GSigma                    =            1   +/-   0.498025     	 (limited)
Info in <TCanvas::Print>: Current canvas added to pdf file /data9/YangMingShanExperiments/YangMingHotspotResort/LowLevelProcessedData/DailyPlots/20260119_Det01_Exp0001_Run000005_001_Mu_TOT_TEST.pdf
Plotting Boards:  12%|█▎        | 2/16 [00:00<00:05,  2.71it/s]TH1F::Sumw2:0: RuntimeWarning: Sum of squares of weights structure already created
Info in <ROOT::Math::ParameterSettings>: lower/upper bounds outside current parameter value. The value will be set to (low+up)/2 
Minuit2Minimizer: Minimize with max-calls 1000000 convergence for edm < 0.01 strategy 1
Minuit2Minimizer : Valid minimum - status = 0
FVAL  = 8.8707672033511944
Edm   = 1.41519730569892912e-06
Nfcn  = 199
Width	  = 1.61551	 +/-  0.381849	(limited)
MP	  = 17.3241	 +/-  0.202995	(limited)
Area	  = 1101.15	 +/-  76.1737	(limited)
GSigma	  = 1.10687	 +/-  3.09805	(limited)
****************************************
Minimizer is Minuit2 / Combined
Chi2                      =      8.87077
NDf                       =            6
Edm                       =   1.4152e-06
NCalls                    =          199
Width                     =      1.61551   +/-   0.381849     	 (limited)
MP                        =      17.3241   +/-   0.202995     	 (limited)
Area                      =      1101.15   +/-   76.1737      	 (limited)
GSigma                    =      1.10687   +/-   3.09805      	 (limited)
TH1F::Sumw2:0: RuntimeWarning: Sum of squares of weights structure already created
Info in <ROOT::Math::ParameterSettings>: lower/upper bounds outside current parameter value. The value will be set to (low+up)/2 
Minuit2Minimizer: Minimize with max-calls 1000000 convergence for edm < 0.01 strategy 1
Minuit2Minimizer : Valid minimum - status = 0
FVAL  = 2.74234255276517436
Edm   = 5.04380469614130731e-07
Nfcn  = 207
Width	  = 1.47819	 +/-  0.142111	(limited)
MP	  = 17.1052	 +/-  0.147635	(limited)
Area	  = 972.453	 +/-  54.2074	(limited)
GSigma	  = 1	 +/-  0.765666	(limited)
****************************************
Minimizer is Minuit2 / Combined
Chi2                      =      2.74234
NDf                       =            5
Edm                       =   5.0438e-07
NCalls                    =          207
Width                     =      1.47819   +/-   0.142111     	 (limited)
MP                        =      17.1052   +/-   0.147635     	 (limited)
Area                      =      972.453   +/-   54.2074      	 (limited)
GSigma                    =            1   +/-   0.765666     	 (limited)
TH1F::Sumw2:0: RuntimeWarning: Sum of squares of weights structure already created
Info in <ROOT::Math::ParameterSettings>: lower/upper bounds outside current parameter value. The value will be set to (low+up)/2 
Minuit2Minimizer: Minimize with max-calls 1000000 convergence for edm < 0.01 strategy 1
Minuit2Minimizer : Valid minimum - status = 0
FVAL  = 4.81531861177033438
Edm   = 8.96323432994905501e-07
Nfcn  = 240
Width	  = 1.55377	 +/-  0.506163	(limited)
MP	  = 17.0766	 +/-  0.179102	(limited)
Area	  = 1169.35	 +/-  84.7059	(limited)
GSigma	  = 2.61765	 +/-  0.625961	(limited)
****************************************
Minimizer is Minuit2 / Combined
Chi2                      =      4.81532
NDf                       =           10
Edm                       =  8.96323e-07
NCalls                    =          240
Width                     =      1.55377   +/-   0.506163     	 (limited)
MP                        =      17.0766   +/-   0.179102     	 (limited)
Area                      =      1169.35   +/-   84.7059      	 (limited)
GSigma                    =      2.61765   +/-   0.625961     	 (limited)
TH1F::Sumw2:0: RuntimeWarning: Sum of squares of weights structure already created
Info in <ROOT::Math::ParameterSettings>: lower/upper bounds outside current parameter value. The value will be set to (low+up)/2 
Minuit2Minimizer: Minimize with max-calls 1000000 convergence for edm < 0.01 strategy 1
Minuit2Minimizer : Valid minimum - status = 0
FVAL  = 12.1411932808090146
Edm   = 4.16722333015377229e-06
Nfcn  = 336
Width	  = 1	 +/-  1.76899	(limited)
MP	  = 17.2001	 +/-  0.194333	(limited)
Area	  = 951.807	 +/-  40.5712	(limited)
GSigma	  = 2.98093	 +/-  0.269502	(limited)
****************************************
Minimizer is Minuit2 / Combined
Chi2                      =      12.1412
NDf                       =            8
Edm                       =  4.16722e-06
NCalls                    =          336
Width                     =            1   +/-   1.76899      	 (limited)
MP                        =      17.2001   +/-   0.194333     	 (limited)
Area                      =      951.807   +/-   40.5712      	 (limited)
GSigma                    =      2.98093   +/-   0.269502     	 (limited)
TH1F::Sumw2:0: RuntimeWarning: Sum of squares of weights structure already created
Info in <ROOT::Math::ParameterSettings>: lower/upper bounds outside current parameter value. The value will be set to (low+up)/2 
Minuit2Minimizer: Minimize with max-calls 1000000 convergence for edm < 0.01 strategy 1
Minuit2:0: RuntimeWarning: MnPosDef non-positive diagonal element in covariance matrix[ 3 ] = -2.71446
Minuit2:0: RuntimeWarning: MnPosDef Added to diagonal of Error matrix a value 3.21446
Minuit2:0: RuntimeWarning: DavidonErrorUpdator delgam < 0 : first derivatives increasing along search line (details in info log)
Minuit2:0: RuntimeWarning: VariableMetricBuilder Matrix not pos.def, gdel = 0.0219511 > 0
Minuit2:0: RuntimeWarning: MnPosDef non-positive diagonal element in covariance matrix[ 3 ] = -4.52221
Minuit2:0: RuntimeWarning: MnPosDef Added to diagonal of Error matrix a value 5.02221
Minuit2:0: RuntimeWarning: VariableMetricBuilder gdel = -32578.7
Minuit2Minimizer : Valid minimum - status = 0
FVAL  = 5.61975496704411448
Edm   = 3.70806242721052992e-07
Nfcn  = 357
Width	  = 1.47906	 +/-  0.753528	(limited)
MP	  = 16.8855	 +/-  0.163231	(limited)
Area	  = 1452.42	 +/-  158.232	(limited)
GSigma	  = 2.25285	 +/-  0.977566	(limited)
****************************************
Minimizer is Minuit2 / Combined
Chi2                      =      5.61975
NDf                       =            7
Edm                       =  3.70806e-07
NCalls                    =          357
Width                     =      1.47906   +/-   0.753528     	 (limited)
MP                        =      16.8855   +/-   0.163231     	 (limited)
Area                      =      1452.42   +/-   158.232      	 (limited)
GSigma                    =      2.25285   +/-   0.977566     	 (limited)
TH1F::Sumw2:0: RuntimeWarning: Sum of squares of weights structure already created
Info in <ROOT::Math::ParameterSettings>: lower/upper bounds outside current parameter value. The value will be set to (low+up)/2 
Minuit2Minimizer: Minimize with max-calls 1000000 convergence for edm < 0.01 strategy 1
Minuit2:0: RuntimeWarning: DavidonErrorUpdator delgam < 0 : first derivatives increasing along search line (details in info log)
Minuit2:0: RuntimeWarning: VariableMetricBuilder Matrix not pos.def, gdel = 2.3985 > 0
Minuit2:0: RuntimeWarning: MnPosDef non-positive diagonal element in covariance matrix[ 3 ] = -2.88562
Minuit2:0: RuntimeWarning: MnPosDef Added to diagonal of Error matrix a value 3.38562
Minuit2:0: RuntimeWarning: VariableMetricBuilder gdel = -77618.7
Minuit2:0: RuntimeWarning: DavidonErrorUpdator delgam < 0 : first derivatives increasing along search line (details in info log)
Minuit2:0: RuntimeWarning: VariableMetricBuilder Matrix not pos.def, gdel = 3.75983 > 0
Minuit2:0: RuntimeWarning: MnPosDef non-positive diagonal element in covariance matrix[ 0 ] = -0.00038194
Minuit2:0: RuntimeWarning: MnPosDef non-positive diagonal element in covariance matrix[ 3 ] = -0.172539
Minuit2:0: RuntimeWarning: MnPosDef Added to diagonal of Error matrix a value 0.672539
Minuit2:0: RuntimeWarning: VariableMetricBuilder gdel = -741.561
Minuit2Minimizer : Valid minimum - status = 0
FVAL  = 4.0240718166224223
Edm   = 9.92564872001697593e-08
Nfcn  = 372
Width	  = 1.12745	 +/-  0.496646	(limited)
MP	  = 17.6594	 +/-  0.13785	(limited)
Area	  = 1429.56	 +/-  125.567	(limited)
GSigma	  = 2.17301	 +/-  0.594883	(limited)
****************************************
Minimizer is Minuit2 / Combined
Chi2                      =      4.02407
NDf                       =            6
Edm                       =  9.92565e-08
NCalls                    =          372
Width                     =      1.12745   +/-   0.496646     	 (limited)
MP                        =      17.6594   +/-   0.13785      	 (limited)
Area                      =      1429.56   +/-   125.567      	 (limited)
GSigma                    =      2.17301   +/-   0.594883     	 (limited)
TH1F::Sumw2:0: RuntimeWarning: Sum of squares of weights structure already created
Info in <ROOT::Math::ParameterSettings>: lower/upper bounds outside current parameter value. The value will be set to (low+up)/2 
Minuit2Minimizer: Minimize with max-calls 1000000 convergence for edm < 0.01 strategy 1
Minuit2:0: RuntimeWarning: DavidonErrorUpdator delgam < 0 : first derivatives increasing along search line (details in info log)
Minuit2:0: RuntimeWarning: VariableMetricBuilder Matrix not pos.def, gdel = 0.0391684 > 0
Minuit2:0: RuntimeWarning: MnPosDef non-positive diagonal element in covariance matrix[ 0 ] = -9.11747e-05
Minuit2:0: RuntimeWarning: MnPosDef non-positive diagonal element in covariance matrix[ 2 ] = -2.3729e-05
Minuit2:0: RuntimeWarning: MnPosDef non-positive diagonal element in covariance matrix[ 3 ] = -6.04727
Minuit2:0: RuntimeWarning: MnPosDef Added to diagonal of Error matrix a value 6.54727
Minuit2:0: RuntimeWarning: VariableMetricBuilder gdel = -65494.3
Minuit2Minimizer : Valid minimum - status = 0
FVAL  = 2.9126725084398144
Edm   = 2.51965875286501257e-06
Nfcn  = 356
Width	  = 1.69859	 +/-  0.347994	(limited)
MP	  = 17.7795	 +/-  0.166676	(limited)
Area	  = 1585.17	 +/-  95.0663	(limited)
GSigma	  = 1.46605	 +/-  0.628862	(limited)
****************************************
Minimizer is Minuit2 / Combined
Chi2                      =      2.91267
NDf                       =            7
Edm                       =  2.51966e-06
NCalls                    =          356
Width                     =      1.69859   +/-   0.347994     	 (limited)
MP                        =      17.7795   +/-   0.166676     	 (limited)
Area                      =      1585.17   +/-   95.0663      	 (limited)
GSigma                    =      1.46605   +/-   0.628862     	 (limited)
TH1F::Sumw2:0: RuntimeWarning: Sum of squares of weights structure already created
Info in <ROOT::Math::ParameterSettings>: lower/upper bounds outside current parameter value. The value will be set to (low+up)/2 
Minuit2Minimizer: Minimize with max-calls 1000000 convergence for edm < 0.01 strategy 1
Minuit2Minimizer : Valid minimum - status = 0
FVAL  = 2.94912705066924952
Edm   = 2.70806114249764142e-07
Nfcn  = 233
Width	  = 1.86471	 +/-  0.4372	(limited)
MP	  = 17.7377	 +/-  0.234433	(limited)
Area	  = 1430.69	 +/-  97.4692	(limited)
GSigma	  = 1.34681	 +/-  0.864422	(limited)
****************************************
Minimizer is Minuit2 / Combined
Chi2                      =      2.94913
NDf                       =            7
Edm                       =  2.70806e-07
NCalls                    =          233
Width                     =      1.86471   +/-   0.4372       	 (limited)
MP                        =      17.7377   +/-   0.234433     	 (limited)
Area                      =      1430.69   +/-   97.4692      	 (limited)
GSigma                    =      1.34681   +/-   0.864422     	 (limited)
TH1F::Sumw2:0: RuntimeWarning: Sum of squares of weights structure already created
Info in <ROOT::Math::ParameterSettings>: lower/upper bounds outside current parameter value. The value will be set to (low+up)/2 
Minuit2Minimizer: Minimize with max-calls 1000000 convergence for edm < 0.01 strategy 1
Minuit2Minimizer : Valid minimum - status = 0
FVAL  = 5.4537054445205726
Edm   = 1.38152247650932264e-06
Nfcn  = 313
Width	  = 1.68762	 +/-  0.316165	(limited)
MP	  = 17.6956	 +/-  0.156247	(limited)
Area	  = 1975.94	 +/-  104.512	(limited)
GSigma	  = 1.59236	 +/-  0.580717	(limited)
****************************************
Minimizer is Minuit2 / Combined
Chi2                      =      5.45371
NDf                       =            7
Edm                       =  1.38152e-06
NCalls                    =          313
Width                     =      1.68762   +/-   0.316165     	 (limited)
MP                        =      17.6956   +/-   0.156247     	 (limited)
Area                      =      1975.94   +/-   104.512      	 (limited)
GSigma                    =      1.59236   +/-   0.580717     	 (limited)
TH1F::Sumw2:0: RuntimeWarning: Sum of squares of weights structure already created
Info in <ROOT::Math::ParameterSettings>: lower/upper bounds outside current parameter value. The value will be set to (low+up)/2 
Minuit2Minimizer: Minimize with max-calls 1000000 convergence for edm < 0.01 strategy 1
Minuit2Minimizer : Valid minimum - status = 0
FVAL  = 2.57204495384415566
Edm   = 2.65892149608665667e-06
Nfcn  = 407
Width	  = 1	 +/-  0.637909	(limited)
MP	  = 17.1154	 +/-  0.120164	(limited)
Area	  = 1807.47	 +/-  53.8438	(limited)
GSigma	  = 2.54084	 +/-  0.164241	(limited)
****************************************
Minimizer is Minuit2 / Combined
Chi2                      =      2.57204
NDf                       =            7
Edm                       =  2.65892e-06
NCalls                    =          407
Width                     =            1   +/-   0.637909     	 (limited)
MP                        =      17.1154   +/-   0.120164     	 (limited)
Area                      =      1807.47   +/-   53.8438      	 (limited)
GSigma                    =      2.54084   +/-   0.164241     	 (limited)
TH1F::Sumw2:0: RuntimeWarning: Sum of squares of weights structure already created
Info in <ROOT::Math::ParameterSettings>: lower/upper bounds outside current parameter value. The value will be set to (low+up)/2 
Minuit2Minimizer: Minimize with max-calls 1000000 convergence for edm < 0.01 strategy 1
Minuit2Minimizer : Valid minimum - status = 0
FVAL  = 3.18531935353817097
Edm   = 1.02748529416278758e-06
Nfcn  = 210
Width	  = 1.13807	 +/-  0.303341	(limited)
MP	  = 17.563	 +/-  0.108163	(limited)
Area	  = 1697.17	 +/-  101.341	(limited)
GSigma	  = 1.91115	 +/-  0.39263	(limited)
****************************************
Minimizer is Minuit2 / Combined
Chi2                      =      3.18532
NDf                       =            6
Edm                       =  1.02749e-06
NCalls                    =          210
Width                     =      1.13807   +/-   0.303341     	 (limited)
MP                        =       17.563   +/-   0.108163     	 (limited)
Area                      =      1697.17   +/-   101.341      	 (limited)
GSigma                    =      1.91115   +/-   0.39263      	 (limited)
TH1F::Sumw2:0: RuntimeWarning: Sum of squares of weights structure already created
Info in <ROOT::Math::ParameterSettings>: lower/upper bounds outside current parameter value. The value will be set to (low+up)/2 
Minuit2Minimizer: Minimize with max-calls 1000000 convergence for edm < 0.01 strategy 1
Minuit2Minimizer : Valid minimum - status = 0
FVAL  = 10.1427606055863233
Edm   = 1.10685439814501237e-07
Nfcn  = 309
Width	  = 1.47186	 +/-  0.411891	(limited)
MP	  = 17.7139	 +/-  0.142129	(limited)
Area	  = 1644.86	 +/-  106.65	(limited)
GSigma	  = 1.95437	 +/-  0.633861	(limited)
****************************************
Minimizer is Minuit2 / Combined
Chi2                      =      10.1428
NDf                       =            7
Edm                       =  1.10685e-07
NCalls                    =          309
Width                     =      1.47186   +/-   0.411891     	 (limited)
MP                        =      17.7139   +/-   0.142129     	 (limited)
Area                      =      1644.86   +/-   106.65       	 (limited)
GSigma                    =      1.95437   +/-   0.633861     	 (limited)
TH1F::Sumw2:0: RuntimeWarning: Sum of squares of weights structure already created
Info in <ROOT::Math::ParameterSettings>: lower/upper bounds outside current parameter value. The value will be set to (low+up)/2 
Minuit2Minimizer: Minimize with max-calls 1000000 convergence for edm < 0.01 strategy 1
Minuit2Minimizer : Valid minimum - status = 0
FVAL  = 4.89996087959449156
Edm   = 7.47442783614290116e-07
Nfcn  = 328
Width	  = 1.89407	 +/-  0.231523	(limited)
MP	  = 18.0905	 +/-  0.13665	(limited)
Area	  = 2318.35	 +/-  96.4999	(limited)
GSigma	  = 1.1364	 +/-  0.504553	(limited)
****************************************
Minimizer is Minuit2 / Combined
Chi2                      =      4.89996
NDf                       =            8
Edm                       =  7.47443e-07
NCalls                    =          328
Width                     =      1.89407   +/-   0.231523     	 (limited)
MP                        =      18.0905   +/-   0.13665      	 (limited)
Area                      =      2318.35   +/-   96.4999      	 (limited)
GSigma                    =       1.1364   +/-   0.504553     	 (limited)
TH1F::Sumw2:0: RuntimeWarning: Sum of squares of weights structure already created
Info in <ROOT::Math::ParameterSettings>: lower/upper bounds outside current parameter value. The value will be set to (low+up)/2 
Minuit2Minimizer: Minimize with max-calls 1000000 convergence for edm < 0.01 strategy 1
Minuit2Minimizer : Valid minimum - status = 0
FVAL  = 5.27172545517052882
Edm   = 1.00915773233225934e-05
Nfcn  = 264
Width	  = 1.87784	 +/-  0.114913	(limited)
MP	  = 16.6356	 +/-  0.121115	(limited)
Area	  = 2179.87	 +/-  80.3076	(limited)
GSigma	  = 1.00012	 +/-  3.82267	(limited)
****************************************
Minimizer is Minuit2 / Combined
Chi2                      =      5.27173
NDf                       =            7
Edm                       =  1.00916e-05
NCalls                    =          264
Width                     =      1.87784   +/-   0.114913     	 (limited)
MP                        =      16.6356   +/-   0.121115     	 (limited)
Area                      =      2179.87   +/-   80.3076      	 (limited)
GSigma                    =      1.00012   +/-   3.82267      	 (limited)
TH1F::Sumw2:0: RuntimeWarning: Sum of squares of weights structure already created
Info in <ROOT::Math::ParameterSettings>: lower/upper bounds outside current parameter value. The value will be set to (low+up)/2 
Minuit2Minimizer: Minimize with max-calls 1000000 convergence for edm < 0.01 strategy 1
Minuit2Minimizer : Valid minimum - status = 0
FVAL  = 17.462358382979783
Edm   = 9.71055704153227355e-07
Nfcn  = 405
Width	  = 1.04116	 +/-  1.56906	(limited)
MP	  = 17.9318	 +/-  0.255493	(limited)
Area	  = 2016.49	 +/-  143.241	(limited)
GSigma	  = 3.19686	 +/-  0.534387	(limited)
****************************************
Minimizer is Minuit2 / Combined
Chi2                      =      17.4624
NDf                       =            9
Edm                       =  9.71056e-07
NCalls                    =          405
Width                     =      1.04116   +/-   1.56906      	 (limited)
MP                        =      17.9318   +/-   0.255493     	 (limited)
Area                      =      2016.49   +/-   143.241      	 (limited)
GSigma                    =      3.19686   +/-   0.534387     	 (limited)
TH1F::Sumw2:0: RuntimeWarning: Sum of squares of weights structure already created
Info in <ROOT::Math::ParameterSettings>: lower/upper bounds outside current parameter value. The value will be set to (low+up)/2 
Minuit2Minimizer: Minimize with max-calls 1000000 convergence for edm < 0.01 strategy 1
Minuit2Minimizer : Valid minimum - status = 0
FVAL  = 2.69102981970952237
Edm   = 6.96640275962159372e-06
Nfcn  = 261
Width	  = 1.65665	 +/-  0.374786	(limited)
MP	  = 17.9662	 +/-  0.147171	(limited)
Area	  = 1961.12	 +/-  109.329	(limited)
GSigma	  = 2.04376	 +/-  0.592371	(limited)
****************************************
Minimizer is Minuit2 / Combined
Chi2                      =      2.69103
NDf                       =            8
Edm                       =   6.9664e-06
NCalls                    =          261
Width                     =      1.65665   +/-   0.374786     	 (limited)
MP                        =      17.9662   +/-   0.147171     	 (limited)
Area                      =      1961.12   +/-   109.329      	 (limited)
GSigma                    =      2.04376   +/-   0.592371     	 (limited)
Info in <TCanvas::Print>: Current canvas added to pdf file /data9/YangMingShanExperiments/YangMingHotspotResort/LowLevelProcessedData/DailyPlots/20260119_Det01_Exp0001_Run000005_001_Mu_TOT_TEST.pdf
Plotting Boards:  19%|█▉        | 3/16 [00:01<00:04,  2.89it/s]TH1F::Sumw2:0: RuntimeWarning: Sum of squares of weights structure already created
Info in <ROOT::Math::ParameterSettings>: lower/upper bounds outside current parameter value. The value will be set to (low+up)/2 
Minuit2Minimizer: Minimize with max-calls 1000000 convergence for edm < 0.01 strategy 1
Minuit2Minimizer : Valid minimum - status = 0
FVAL  = 13.9689912302166057
Edm   = 2.45116643122867202e-06
Nfcn  = 193
Width	  = 1.36852	 +/-  0.232587	(limited)
MP	  = 17.913	 +/-  0.156572	(limited)
Area	  = 926.331	 +/-  57.9182	(limited)
GSigma	  = 1.0057	 +/-  3.98378	(limited)
****************************************
Minimizer is Minuit2 / Combined
Chi2                      =       13.969
NDf                       =            5
Edm                       =  2.45117e-06
NCalls                    =          193
Width                     =      1.36852   +/-   0.232587     	 (limited)
MP                        =       17.913   +/-   0.156572     	 (limited)
Area                      =      926.331   +/-   57.9182      	 (limited)
GSigma                    =       1.0057   +/-   3.98378      	 (limited)
TH1F::Sumw2:0: RuntimeWarning: Sum of squares of weights structure already created
Info in <ROOT::Math::ParameterSettings>: lower/upper bounds outside current parameter value. The value will be set to (low+up)/2 
Minuit2Minimizer: Minimize with max-calls 1000000 convergence for edm < 0.01 strategy 1
Minuit2Minimizer : Valid minimum - status = 0
FVAL  = 1.75512560200670831
Edm   = 3.40199381589345534e-06
Nfcn  = 341
Width	  = 1.04858	 +/-  0.954366	(limited)
MP	  = 17.9412	 +/-  0.145179	(limited)
Area	  = 995.99	 +/-  88.7232	(limited)
GSigma	  = 1.93543	 +/-  0.478696	(limited)
****************************************
Minimizer is Minuit2 / Combined
Chi2                      =      1.75513
NDf                       =            6
Edm                       =  3.40199e-06
NCalls                    =          341
Width                     =      1.04858   +/-   0.954366     	 (limited)
MP                        =      17.9412   +/-   0.145179     	 (limited)
Area                      =       995.99   +/-   88.7232      	 (limited)
GSigma                    =      1.93543   +/-   0.478696     	 (limited)
TH1F::Sumw2:0: RuntimeWarning: Sum of squares of weights structure already created
Info in <ROOT::Math::ParameterSettings>: lower/upper bounds outside current parameter value. The value will be set to (low+up)/2 
Minuit2Minimizer: Minimize with max-calls 1000000 convergence for edm < 0.01 strategy 1
Minuit2Minimizer : Valid minimum - status = 0
FVAL  = 4.81024614019218166
Edm   = 2.30572639351882645e-06
Nfcn  = 240
Width	  = 1.3162	 +/-  0.311276	(limited)
MP	  = 17.5719	 +/-  0.147567	(limited)
Area	  = 929.641	 +/-  64.4122	(limited)
GSigma	  = 1.50904	 +/-  0.45573	(limited)
****************************************
Minimizer is Minuit2 / Combined
Chi2                      =      4.81025
NDf                       =            6
Edm                       =  2.30573e-06
NCalls                    =          240
Width                     =       1.3162   +/-   0.311276     	 (limited)
MP                        =      17.5719   +/-   0.147567     	 (limited)
Area                      =      929.641   +/-   64.4122      	 (limited)
GSigma                    =      1.50904   +/-   0.45573      	 (limited)
TH1F::Sumw2:0: RuntimeWarning: Sum of squares of weights structure already created
Info in <ROOT::Math::ParameterSettings>: lower/upper bounds outside current parameter value. The value will be set to (low+up)/2 
Minuit2Minimizer: Minimize with max-calls 1000000 convergence for edm < 0.01 strategy 1
Minuit2Minimizer : Valid minimum - status = 0
FVAL  = 14.911223921448574
Edm   = 2.3006242887789485e-06
Nfcn  = 281
Width	  = 1	 +/-  0.436045	(limited)
MP	  = 17.6201	 +/-  0.159042	(limited)
Area	  = 834.227	 +/-  36.3654	(limited)
GSigma	  = 2.15844	 +/-  0.221205	(limited)
****************************************
Minimizer is Minuit2 / Combined
Chi2                      =      14.9112
NDf                       =            6
Edm                       =  2.30062e-06
NCalls                    =          281
Width                     =            1   +/-   0.436045     	 (limited)
MP                        =      17.6201   +/-   0.159042     	 (limited)
Area                      =      834.227   +/-   36.3654      	 (limited)
GSigma                    =      2.15844   +/-   0.221205     	 (limited)
TH1F::Sumw2:0: RuntimeWarning: Sum of squares of weights structure already created
Info in <ROOT::Math::ParameterSettings>: lower/upper bounds outside current parameter value. The value will be set to (low+up)/2 
Minuit2Minimizer: Minimize with max-calls 1000000 convergence for edm < 0.01 strategy 1
Minuit2Minimizer : Valid minimum - status = 0
FVAL  = 4.21669246147133414
Edm   = 5.47634496785810933e-06
Nfcn  = 188
Width	  = 1.20832	 +/-  0.237047	(limited)
MP	  = 18.0579	 +/-  0.122317	(limited)
Area	  = 1242.45	 +/-  63.5285	(limited)
GSigma	  = 1.55034	 +/-  0.389051	(limited)
****************************************
Minimizer is Minuit2 / Combined
Chi2                      =      4.21669
NDf                       =            6
Edm                       =  5.47634e-06
NCalls                    =          188
Width                     =      1.20832   +/-   0.237047     	 (limited)
MP                        =      18.0579   +/-   0.122317     	 (limited)
Area                      =      1242.45   +/-   63.5285      	 (limited)
GSigma                    =      1.55034   +/-   0.389051     	 (limited)
TH1F::Sumw2:0: RuntimeWarning: Sum of squares of weights structure already created
Info in <ROOT::Math::ParameterSettings>: lower/upper bounds outside current parameter value. The value will be set to (low+up)/2 
Info in <ROOT::Math::ParameterSettings>: lower/upper bounds outside current parameter value. The value will be set to (low+up)/2 
Minuit2Minimizer: Minimize with max-calls 1000000 convergence for edm < 0.01 strategy 1
Minuit2Minimizer : Valid minimum - status = 0
FVAL  = 54.2395784441097817
Edm   = 1.91217384911148901e-06
Nfcn  = 267
Width	  = 3.49373	 +/-  0.322913	(limited)
MP	  = 15	 +/-  0.0587736	(limited)
Area	  = 1934.56	 +/-  143.947	(limited)
GSigma	  = 1	 +/-  0.214387	(limited)
****************************************
Minimizer is Minuit2 / Combined
Chi2                      =      54.2396
NDf                       =            4
Edm                       =  1.91217e-06
NCalls                    =          267
Width                     =      3.49373   +/-   0.322913     	 (limited)
MP                        =           15   +/-   0.0587736    	 (limited)
Area                      =      1934.56   +/-   143.947      	 (limited)
GSigma                    =            1   +/-   0.214387     	 (limited)
TH1F::Sumw2:0: RuntimeWarning: Sum of squares of weights structure already created
Info in <ROOT::Math::ParameterSettings>: lower/upper bounds outside current parameter value. The value will be set to (low+up)/2 
Minuit2Minimizer: Minimize with max-calls 1000000 convergence for edm < 0.01 strategy 1
Minuit2Minimizer : Valid minimum - status = 0
FVAL  = 3.64778290416434992
Edm   = 3.48860751410855562e-06
Nfcn  = 218
Width	  = 1.23872	 +/-  0.32979	(limited)
MP	  = 18.1204	 +/-  0.141065	(limited)
Area	  = 1228.26	 +/-  70.6688	(limited)
GSigma	  = 2.13814	 +/-  0.448099	(limited)
****************************************
Minimizer is Minuit2 / Combined
Chi2                      =      3.64778
NDf                       =            8
Edm                       =  3.48861e-06
NCalls                    =          218
Width                     =      1.23872   +/-   0.32979      	 (limited)
MP                        =      18.1204   +/-   0.141065     	 (limited)
Area                      =      1228.26   +/-   70.6688      	 (limited)
GSigma                    =      2.13814   +/-   0.448099     	 (limited)
TH1F::Sumw2:0: RuntimeWarning: Sum of squares of weights structure already created
Info in <ROOT::Math::ParameterSettings>: lower/upper bounds outside current parameter value. The value will be set to (low+up)/2 
Minuit2Minimizer: Minimize with max-calls 1000000 convergence for edm < 0.01 strategy 1
Minuit2Minimizer : Valid minimum - status = 0
FVAL  = 1.90013641098305475
Edm   = 9.06234960236902407e-06
Nfcn  = 351
Width	  = 1.19931	 +/-  0.522153	(limited)
MP	  = 17.8034	 +/-  0.145749	(limited)
Area	  = 1062.03	 +/-  104.072	(limited)
GSigma	  = 1.99835	 +/-  0.628748	(limited)
****************************************
Minimizer is Minuit2 / Combined
Chi2                      =      1.90014
NDf                       =            6
Edm                       =  9.06235e-06
NCalls                    =          351
Width                     =      1.19931   +/-   0.522153     	 (limited)
MP                        =      17.8034   +/-   0.145749     	 (limited)
Area                      =      1062.03   +/-   104.072      	 (limited)
GSigma                    =      1.99835   +/-   0.628748     	 (limited)
TH1F::Sumw2:0: RuntimeWarning: Sum of squares of weights structure already created
Info in <ROOT::Math::ParameterSettings>: lower/upper bounds outside current parameter value. The value will be set to (low+up)/2 
Minuit2Minimizer: Minimize with max-calls 1000000 convergence for edm < 0.01 strategy 1
Minuit2Minimizer : Valid minimum - status = 0
FVAL  = 3.53859397624259175
Edm   = 6.25845218601528627e-07
Nfcn  = 229
Width	  = 1.12948	 +/-  0.319544	(limited)
MP	  = 18.037	 +/-  0.121225	(limited)
Area	  = 1633.09	 +/-  97.1143	(limited)
GSigma	  = 2.15227	 +/-  0.388213	(limited)
****************************************
Minimizer is Minuit2 / Combined
Chi2                      =      3.53859
NDf                       =            7
Edm                       =  6.25845e-07
NCalls                    =          229
Width                     =      1.12948   +/-   0.319544     	 (limited)
MP                        =       18.037   +/-   0.121225     	 (limited)
Area                      =      1633.09   +/-   97.1143      	 (limited)
GSigma                    =      2.15227   +/-   0.388213     	 (limited)
TH1F::Sumw2:0: RuntimeWarning: Sum of squares of weights structure already created
Info in <ROOT::Math::ParameterSettings>: lower/upper bounds outside current parameter value. The value will be set to (low+up)/2 
Minuit2Minimizer: Minimize with max-calls 1000000 convergence for edm < 0.01 strategy 1
Minuit2Minimizer : Valid minimum - status = 0
FVAL  = 6.1520053469935263
Edm   = 1.65927656594590409e-06
Nfcn  = 189
Width	  = 1.32405	 +/-  0.256447	(limited)
MP	  = 16.6277	 +/-  0.1184	(limited)
Area	  = 1497.15	 +/-  83.8946	(limited)
GSigma	  = 1.546	 +/-  0.3819	(limited)
****************************************
Minimizer is Minuit2 / Combined
Chi2                      =      6.15201
NDf                       =            6
Edm                       =  1.65928e-06
NCalls                    =          189
Width                     =      1.32405   +/-   0.256447     	 (limited)
MP                        =      16.6277   +/-   0.1184       	 (limited)
Area                      =      1497.15   +/-   83.8946      	 (limited)
GSigma                    =        1.546   +/-   0.3819       	 (limited)
TH1F::Sumw2:0: RuntimeWarning: Sum of squares of weights structure already created
Info in <ROOT::Math::ParameterSettings>: lower/upper bounds outside current parameter value. The value will be set to (low+up)/2 
Minuit2Minimizer: Minimize with max-calls 1000000 convergence for edm < 0.01 strategy 1
Minuit2Minimizer : Valid minimum - status = 0
FVAL  = 3.53138484826589805
Edm   = 7.27932587616459245e-07
Nfcn  = 309
Width	  = 1.04507	 +/-  0.801025	(limited)
MP	  = 18.4621	 +/-  0.128718	(limited)
Area	  = 1503.38	 +/-  102.781	(limited)
GSigma	  = 2.04548	 +/-  0.48906	(limited)
****************************************
Minimizer is Minuit2 / Combined
Chi2                      =      3.53138
NDf                       =            6
Edm                       =  7.27933e-07
NCalls                    =          309
Width                     =      1.04507   +/-   0.801025     	 (limited)
MP                        =      18.4621   +/-   0.128718     	 (limited)
Area                      =      1503.38   +/-   102.781      	 (limited)
GSigma                    =      2.04548   +/-   0.48906      	 (limited)
TH1F::Sumw2:0: RuntimeWarning: Sum of squares of weights structure already created
Info in <ROOT::Math::ParameterSettings>: lower/upper bounds outside current parameter value. The value will be set to (low+up)/2 
Minuit2Minimizer: Minimize with max-calls 1000000 convergence for edm < 0.01 strategy 1
Minuit2Minimizer : Valid minimum - status = 0
FVAL  = 1.93348959710838808
Edm   = 2.57134339946971232e-07
Nfcn  = 248
Width	  = 1.17807	 +/-  0.397531	(limited)
MP	  = 18.67	 +/-  0.145195	(limited)
Area	  = 1305.33	 +/-  86.5715	(limited)
GSigma	  = 2.19288	 +/-  0.527604	(limited)
****************************************
Minimizer is Minuit2 / Combined
Chi2                      =      1.93349
NDf                       =            7
Edm                       =  2.57134e-07
NCalls                    =          248
Width                     =      1.17807   +/-   0.397531     	 (limited)
MP                        =        18.67   +/-   0.145195     	 (limited)
Area                      =      1305.33   +/-   86.5715      	 (limited)
GSigma                    =      2.19288   +/-   0.527604     	 (limited)
TH1F::Sumw2:0: RuntimeWarning: Sum of squares of weights structure already created
Info in <ROOT::Math::ParameterSettings>: lower/upper bounds outside current parameter value. The value will be set to (low+up)/2 
Minuit2Minimizer: Minimize with max-calls 1000000 convergence for edm < 0.01 strategy 1
Minuit2Minimizer : Valid minimum - status = 0
FVAL  = 5.53125165173266797
Edm   = 8.5717394127615587e-07
Nfcn  = 328
Width	  = 1.23956	 +/-  0.31797	(limited)
MP	  = 18.6343	 +/-  0.104825	(limited)
Area	  = 1900.1	 +/-  115.726	(limited)
GSigma	  = 1.82319	 +/-  0.430132	(limited)
****************************************
Minimizer is Minuit2 / Combined
Chi2                      =      5.53125
NDf                       =            6
Edm                       =  8.57174e-07
NCalls                    =          328
Width                     =      1.23956   +/-   0.31797      	 (limited)
MP                        =      18.6343   +/-   0.104825     	 (limited)
Area                      =       1900.1   +/-   115.726      	 (limited)
GSigma                    =      1.82319   +/-   0.430132     	 (limited)
TH1F::Sumw2:0: RuntimeWarning: Sum of squares of weights structure already created
Info in <ROOT::Math::ParameterSettings>: lower/upper bounds outside current parameter value. The value will be set to (low+up)/2 
Minuit2Minimizer: Minimize with max-calls 1000000 convergence for edm < 0.01 strategy 1
Minuit2Minimizer : Valid minimum - status = 0
FVAL  = 4.89202152061727258
Edm   = 5.9618369408290355e-08
Nfcn  = 243
Width	  = 1.75829	 +/-  0.328808	(limited)
MP	  = 18.6583	 +/-  0.172691	(limited)
Area	  = 1965.61	 +/-  106.101	(limited)
GSigma	  = 1.52276	 +/-  0.628837	(limited)
****************************************
Minimizer is Minuit2 / Combined
Chi2                      =      4.89202
NDf                       =            7
Edm                       =  5.96184e-08
NCalls                    =          243
Width                     =      1.75829   +/-   0.328808     	 (limited)
MP                        =      18.6583   +/-   0.172691     	 (limited)
Area                      =      1965.61   +/-   106.101      	 (limited)
GSigma                    =      1.52276   +/-   0.628837     	 (limited)
TH1F::Sumw2:0: RuntimeWarning: Sum of squares of weights structure already created
Info in <ROOT::Math::ParameterSettings>: lower/upper bounds outside current parameter value. The value will be set to (low+up)/2 
Minuit2Minimizer: Minimize with max-calls 1000000 convergence for edm < 0.01 strategy 1
Minuit2Minimizer : Valid minimum - status = 0
FVAL  = 5.64566871206409715
Edm   = 1.76325626424183667e-06
Nfcn  = 310
Width	  = 1	 +/-  0.122858	(limited)
MP	  = 18.4487	 +/-  0.115038	(limited)
Area	  = 1637.99	 +/-  49.127	(limited)
GSigma	  = 2.36456	 +/-  0.143887	(limited)
****************************************
Minimizer is Minuit2 / Combined
Chi2                      =      5.64567
NDf                       =            7
Edm                       =  1.76326e-06
NCalls                    =          310
Width                     =            1   +/-   0.122858     	 (limited)
MP                        =      18.4487   +/-   0.115038     	 (limited)
Area                      =      1637.99   +/-   49.127       	 (limited)
GSigma                    =      2.36456   +/-   0.143887     	 (limited)
TH1F::Sumw2:0: RuntimeWarning: Sum of squares of weights structure already created
Info in <ROOT::Math::ParameterSettings>: lower/upper bounds outside current parameter value. The value will be set to (low+up)/2 
Minuit2Minimizer: Minimize with max-calls 1000000 convergence for edm < 0.01 strategy 1
Minuit2Minimizer : Valid minimum - status = 0
FVAL  = 5.60312614277548882
Edm   = 7.47656119422739888e-06
Nfcn  = 226
Width	  = 1.46153	 +/-  0.336897	(limited)
MP	  = 18.3537	 +/-  0.128335	(limited)
Area	  = 1684.71	 +/-  97.865	(limited)
GSigma	  = 2.12239	 +/-  0.438365	(limited)
****************************************
Minimizer is Minuit2 / Combined
Chi2                      =      5.60313
NDf                       =            8
Edm                       =  7.47656e-06
NCalls                    =          226
Width                     =      1.46153   +/-   0.336897     	 (limited)
MP                        =      18.3537   +/-   0.128335     	 (limited)
Area                      =      1684.71   +/-   97.865       	 (limited)
GSigma                    =      2.12239   +/-   0.438365     	 (limited)
Info in <TCanvas::Print>: Current canvas added to pdf file /data9/YangMingShanExperiments/YangMingHotspotResort/LowLevelProcessedData/DailyPlots/20260119_Det01_Exp0001_Run000005_001_Mu_TOT_TEST.pdf
Plotting Boards:  25%|██▌       | 4/16 [00:01<00:03,  3.09it/s]TH1F::Sumw2:0: RuntimeWarning: Sum of squares of weights structure already created
Info in <ROOT::Math::ParameterSettings>: lower/upper bounds outside current parameter value. The value will be set to (low+up)/2 
Minuit2Minimizer: Minimize with max-calls 1000000 convergence for edm < 0.01 strategy 1
Minuit2Minimizer : Valid minimum - status = 0
FVAL  = 3.70085290693668556
Edm   = 4.16469437094258295e-07
Nfcn  = 240
Width	  = 1.41592	 +/-  0.415985	(limited)
MP	  = 18.3245	 +/-  0.127988	(limited)
Area	  = 2088.18	 +/-  133.198	(limited)
GSigma	  = 2.46254	 +/-  0.517241	(limited)
****************************************
Minimizer is Minuit2 / Combined
Chi2                      =      3.70085
NDf                       =            8
Edm                       =  4.16469e-07
NCalls                    =          240
Width                     =      1.41592   +/-   0.415985     	 (limited)
MP                        =      18.3245   +/-   0.127988     	 (limited)
Area                      =      2088.18   +/-   133.198      	 (limited)
GSigma                    =      2.46254   +/-   0.517241     	 (limited)
TH1F::Sumw2:0: RuntimeWarning: Sum of squares of weights structure already created
Info in <ROOT::Math::ParameterSettings>: lower/upper bounds outside current parameter value. The value will be set to (low+up)/2 
Minuit2Minimizer: Minimize with max-calls 1000000 convergence for edm < 0.01 strategy 1
Minuit2Minimizer : Valid minimum - status = 0
FVAL  = 3.52619357068166162
Edm   = 1.12183547743255627e-06
Nfcn  = 318
Width	  = 1.38404	 +/-  0.379484	(limited)
MP	  = 17.7784	 +/-  0.129472	(limited)
Area	  = 2219.55	 +/-  126.399	(limited)
GSigma	  = 2.59728	 +/-  0.453086	(limited)
****************************************
Minimizer is Minuit2 / Combined
Chi2                      =      3.52619
NDf                       =            9
Edm                       =  1.12184e-06
NCalls                    =          318
Width                     =      1.38404   +/-   0.379484     	 (limited)
MP                        =      17.7784   +/-   0.129472     	 (limited)
Area                      =      2219.55   +/-   126.399      	 (limited)
GSigma                    =      2.59728   +/-   0.453086     	 (limited)
TH1F::Sumw2:0: RuntimeWarning: Sum of squares of weights structure already created
Info in <ROOT::Math::ParameterSettings>: lower/upper bounds outside current parameter value. The value will be set to (low+up)/2 
Minuit2Minimizer: Minimize with max-calls 1000000 convergence for edm < 0.01 strategy 1
Minuit2Minimizer : Valid minimum - status = 0
FVAL  = 5.43751322733552556
Edm   = 1.87256497627161467e-08
Nfcn  = 218
Width	  = 1.79766	 +/-  0.352224	(limited)
MP	  = 18.086	 +/-  0.153026	(limited)
Area	  = 2510.6	 +/-  131.532	(limited)
GSigma	  = 1.98714	 +/-  0.574965	(limited)
****************************************
Minimizer is Minuit2 / Combined
Chi2                      =      5.43751
NDf                       =            8
Edm                       =  1.87256e-08
NCalls                    =          218
Width                     =      1.79766   +/-   0.352224     	 (limited)
MP                        =       18.086   +/-   0.153026     	 (limited)
Area                      =       2510.6   +/-   131.532      	 (limited)
GSigma                    =      1.98714   +/-   0.574965     	 (limited)
TH1F::Sumw2:0: RuntimeWarning: Sum of squares of weights structure already created
Info in <ROOT::Math::ParameterSettings>: lower/upper bounds outside current parameter value. The value will be set to (low+up)/2 
Minuit2Minimizer: Minimize with max-calls 1000000 convergence for edm < 0.01 strategy 1
Minuit2Minimizer : Valid minimum - status = 0
FVAL  = 5.75360108456183372
Edm   = 1.88480487866071519e-07
Nfcn  = 290
Width	  = 1.70297	 +/-  0.314602	(limited)
MP	  = 18.2543	 +/-  0.127089	(limited)
Area	  = 2704.33	 +/-  135.622	(limited)
GSigma	  = 2.04182	 +/-  0.461364	(limited)
****************************************
Minimizer is Minuit2 / Combined
Chi2                      =       5.7536
NDf                       =            8
Edm                       =   1.8848e-07
NCalls                    =          290
Width                     =      1.70297   +/-   0.314602     	 (limited)
MP                        =      18.2543   +/-   0.127089     	 (limited)
Area                      =      2704.33   +/-   135.622      	 (limited)
GSigma                    =      2.04182   +/-   0.461364     	 (limited)
TH1F::Sumw2:0: RuntimeWarning: Sum of squares of weights structure already created
Info in <ROOT::Math::ParameterSettings>: lower/upper bounds outside current parameter value. The value will be set to (low+up)/2 
Minuit2Minimizer: Minimize with max-calls 1000000 convergence for edm < 0.01 strategy 1
Minuit2Minimizer : Valid minimum - status = 0
FVAL  = 5.18710016824556863
Edm   = 2.54500568117808418e-07
Nfcn  = 193
Width	  = 1.98466	 +/-  0.298529	(limited)
MP	  = 17.9552	 +/-  0.185055	(limited)
Area	  = 1868.93	 +/-  85.7396	(limited)
GSigma	  = 1.67592	 +/-  0.60981	(limited)
****************************************
Minimizer is Minuit2 / Combined
Chi2                      =       5.1871
NDf                       =            9
Edm                       =  2.54501e-07
NCalls                    =          193
Width                     =      1.98466   +/-   0.298529     	 (limited)
MP                        =      17.9552   +/-   0.185055     	 (limited)
Area                      =      1868.93   +/-   85.7396      	 (limited)
GSigma                    =      1.67592   +/-   0.60981      	 (limited)
TH1F::Sumw2:0: RuntimeWarning: Sum of squares of weights structure already created
Info in <ROOT::Math::ParameterSettings>: lower/upper bounds outside current parameter value. The value will be set to (low+up)/2 
Minuit2Minimizer: Minimize with max-calls 1000000 convergence for edm < 0.01 strategy 1
Minuit2Minimizer : Valid minimum - status = 0
FVAL  = 12.4318101114386899
Edm   = 2.39800317928250661e-06
Nfcn  = 253
Width	  = 1	 +/-  0.392985	(limited)
MP	  = 17.2373	 +/-  0.154964	(limited)
Area	  = 1915.59	 +/-  59.8151	(limited)
GSigma	  = 3.54321	 +/-  0.216684	(limited)
****************************************
Minimizer is Minuit2 / Combined
Chi2                      =      12.4318
NDf                       =            9
Edm                       =    2.398e-06
NCalls                    =          253
Width                     =            1   +/-   0.392985     	 (limited)
MP                        =      17.2373   +/-   0.154964     	 (limited)
Area                      =      1915.59   +/-   59.8151      	 (limited)
GSigma                    =      3.54321   +/-   0.216684     	 (limited)
TH1F::Sumw2:0: RuntimeWarning: Sum of squares of weights structure already created
Info in <ROOT::Math::ParameterSettings>: lower/upper bounds outside current parameter value. The value will be set to (low+up)/2 
Minuit2Minimizer: Minimize with max-calls 1000000 convergence for edm < 0.01 strategy 1
Minuit2Minimizer : Valid minimum - status = 0
FVAL  = 23.5402722812053362
Edm   = 4.14934274841204477e-07
Nfcn  = 273
Width	  = 2.17556	 +/-  0.366785	(limited)
MP	  = 17.5789	 +/-  0.172465	(limited)
Area	  = 2303.99	 +/-  101.18	(limited)
GSigma	  = 1.93517	 +/-  0.726601	(limited)
****************************************
Minimizer is Minuit2 / Combined
Chi2                      =      23.5403
NDf                       =           11
Edm                       =  4.14934e-07
NCalls                    =          273
Width                     =      2.17556   +/-   0.366785     	 (limited)
MP                        =      17.5789   +/-   0.172465     	 (limited)
Area                      =      2303.99   +/-   101.18       	 (limited)
GSigma                    =      1.93517   +/-   0.726601     	 (limited)
TH1F::Sumw2:0: RuntimeWarning: Sum of squares of weights structure already created
Info in <ROOT::Math::ParameterSettings>: lower/upper bounds outside current parameter value. The value will be set to (low+up)/2 
Minuit2Minimizer: Minimize with max-calls 1000000 convergence for edm < 0.01 strategy 1
Minuit2Minimizer : Valid minimum - status = 0
FVAL  = 9.12710068157383603
Edm   = 2.51031325542206533e-06
Nfcn  = 310
Width	  = 1	 +/-  0.399735	(limited)
MP	  = 18.3264	 +/-  0.13458	(limited)
Area	  = 1861.7	 +/-  58.8445	(limited)
GSigma	  = 2.85227	 +/-  0.190301	(limited)
****************************************
Minimizer is Minuit2 / Combined
Chi2                      =       9.1271
NDf                       =            7
Edm                       =  2.51031e-06
NCalls                    =          310
Width                     =            1   +/-   0.399735     	 (limited)
MP                        =      18.3264   +/-   0.13458      	 (limited)
Area                      =       1861.7   +/-   58.8445      	 (limited)
GSigma                    =      2.85227   +/-   0.190301     	 (limited)
TH1F::Sumw2:0: RuntimeWarning: Sum of squares of weights structure already created
Info in <ROOT::Math::ParameterSettings>: lower/upper bounds outside current parameter value. The value will be set to (low+up)/2 
Minuit2Minimizer: Minimize with max-calls 1000000 convergence for edm < 0.01 strategy 1
Minuit2Minimizer : Valid minimum - status = 0
FVAL  = 14.3990959501944769
Edm   = 9.15500562566817261e-06
Nfcn  = 203
Width	  = 1.53303	 +/-  0.439632	(limited)
MP	  = 17.8722	 +/-  0.160897	(limited)
Area	  = 1680.18	 +/-  101.458	(limited)
GSigma	  = 2.8345	 +/-  0.553715	(limited)
****************************************
Minimizer is Minuit2 / Combined
Chi2                      =      14.3991
NDf                       =           10
Edm                       =  9.15501e-06
NCalls                    =          203
Width                     =      1.53303   +/-   0.439632     	 (limited)
MP                        =      17.8722   +/-   0.160897     	 (limited)
Area                      =      1680.18   +/-   101.458      	 (limited)
GSigma                    =       2.8345   +/-   0.553715     	 (limited)
TH1F::Sumw2:0: RuntimeWarning: Sum of squares of weights structure already created
Info in <ROOT::Math::ParameterSettings>: lower/upper bounds outside current parameter value. The value will be set to (low+up)/2 
Minuit2Minimizer: Minimize with max-calls 1000000 convergence for edm < 0.01 strategy 1
Minuit2Minimizer : Valid minimum - status = 0
FVAL  = 13.3514273224041133
Edm   = 4.02868154111756237e-07
Nfcn  = 215
Width	  = 1.88967	 +/-  0.239306	(limited)
MP	  = 18.0184	 +/-  0.156318	(limited)
Area	  = 1713.68	 +/-  78.2774	(limited)
GSigma	  = 1.14327	 +/-  0.508009	(limited)
****************************************
Minimizer is Minuit2 / Combined
Chi2                      =      13.3514
NDf                       =            8
Edm                       =  4.02868e-07
NCalls                    =          215
Width                     =      1.88967   +/-   0.239306     	 (limited)
MP                        =      18.0184   +/-   0.156318     	 (limited)
Area                      =      1713.68   +/-   78.2774      	 (limited)
GSigma                    =      1.14327   +/-   0.508009     	 (limited)
TH1F::Sumw2:0: RuntimeWarning: Sum of squares of weights structure already created
Info in <ROOT::Math::ParameterSettings>: lower/upper bounds outside current parameter value. The value will be set to (low+up)/2 
Minuit2Minimizer: Minimize with max-calls 1000000 convergence for edm < 0.01 strategy 1
Minuit2Minimizer : Valid minimum - status = 0
FVAL  = 3.38213856190523865
Edm   = 1.29714106851669321e-06
Nfcn  = 216
Width	  = 1.69877	 +/-  0.384199	(limited)
MP	  = 19.5182	 +/-  0.198277	(limited)
Area	  = 1770.88	 +/-  120.596	(limited)
GSigma	  = 1.51184	 +/-  0.66261	(limited)
****************************************
Minimizer is Minuit2 / Combined
Chi2                      =      3.38214
NDf                       =            6
Edm                       =  1.29714e-06
NCalls                    =          216
Width                     =      1.69877   +/-   0.384199     	 (limited)
MP                        =      19.5182   +/-   0.198277     	 (limited)
Area                      =      1770.88   +/-   120.596      	 (limited)
GSigma                    =      1.51184   +/-   0.66261      	 (limited)
TH1F::Sumw2:0: RuntimeWarning: Sum of squares of weights structure already created
Info in <ROOT::Math::ParameterSettings>: lower/upper bounds outside current parameter value. The value will be set to (low+up)/2 
Minuit2Minimizer: Minimize with max-calls 1000000 convergence for edm < 0.01 strategy 1
Minuit2Minimizer : Valid minimum - status = 0
FVAL  = 4.37191216513480629
Edm   = 1.3385207824864762e-06
Nfcn  = 186
Width	  = 2.25097	 +/-  0.284157	(limited)
MP	  = 18.5323	 +/-  0.198367	(limited)
Area	  = 1929.08	 +/-  92.2816	(limited)
GSigma	  = 1.12947	 +/-  2.16049	(limited)
****************************************
Minimizer is Minuit2 / Combined
Chi2                      =      4.37191
NDf                       =            9
Edm                       =  1.33852e-06
NCalls                    =          186
Width                     =      2.25097   +/-   0.284157     	 (limited)
MP                        =      18.5323   +/-   0.198367     	 (limited)
Area                      =      1929.08   +/-   92.2816      	 (limited)
GSigma                    =      1.12947   +/-   2.16049      	 (limited)
TH1F::Sumw2:0: RuntimeWarning: Sum of squares of weights structure already created
Info in <ROOT::Math::ParameterSettings>: lower/upper bounds outside current parameter value. The value will be set to (low+up)/2 
Minuit2Minimizer: Minimize with max-calls 1000000 convergence for edm < 0.01 strategy 1
Minuit2Minimizer : Valid minimum - status = 0
FVAL  = 7.74711867900228945
Edm   = 4.48314084420147255e-06
Nfcn  = 353
Width	  = 1.61502	 +/-  0.537603	(limited)
MP	  = 17.4388	 +/-  0.153959	(limited)
Area	  = 1505.47	 +/-  122.632	(limited)
GSigma	  = 2.10396	 +/-  0.73779	(limited)
****************************************
Minimizer is Minuit2 / Combined
Chi2                      =      7.74712
NDf                       =            8
Edm                       =  4.48314e-06
NCalls                    =          353
Width                     =      1.61502   +/-   0.537603     	 (limited)
MP                        =      17.4388   +/-   0.153959     	 (limited)
Area                      =      1505.47   +/-   122.632      	 (limited)
GSigma                    =      2.10396   +/-   0.73779      	 (limited)
TH1F::Sumw2:0: RuntimeWarning: Sum of squares of weights structure already created
Info in <ROOT::Math::ParameterSettings>: lower/upper bounds outside current parameter value. The value will be set to (low+up)/2 
Minuit2Minimizer: Minimize with max-calls 1000000 convergence for edm < 0.01 strategy 1
Minuit2Minimizer : Valid minimum - status = 0
FVAL  = 11.4310169754019189
Edm   = 3.46077505042844609e-07
Nfcn  = 322
Width	  = 1.88558	 +/-  0.357546	(limited)
MP	  = 17.7562	 +/-  0.166227	(limited)
Area	  = 1664.15	 +/-  96.4042	(limited)
GSigma	  = 1.89568	 +/-  0.543106	(limited)
****************************************
Minimizer is Minuit2 / Combined
Chi2                      =       11.431
NDf                       =            9
Edm                       =  3.46078e-07
NCalls                    =          322
Width                     =      1.88558   +/-   0.357546     	 (limited)
MP                        =      17.7562   +/-   0.166227     	 (limited)
Area                      =      1664.15   +/-   96.4042      	 (limited)
GSigma                    =      1.89568   +/-   0.543106     	 (limited)
TH1F::Sumw2:0: RuntimeWarning: Sum of squares of weights structure already created
Info in <ROOT::Math::ParameterSettings>: lower/upper bounds outside current parameter value. The value will be set to (low+up)/2 
Minuit2Minimizer: Minimize with max-calls 1000000 convergence for edm < 0.01 strategy 1
Minuit2:0: RuntimeWarning: DavidonErrorUpdator delgam < 0 : first derivatives increasing along search line (details in info log)
Minuit2:0: RuntimeWarning: VariableMetricBuilder Matrix not pos.def, gdel = 2.86495 > 0
Minuit2:0: RuntimeWarning: MnPosDef non-positive diagonal element in covariance matrix[ 0 ] = -0.215493
Minuit2:0: RuntimeWarning: MnPosDef non-positive diagonal element in covariance matrix[ 2 ] = -0.0743224
Minuit2:0: RuntimeWarning: MnPosDef non-positive diagonal element in covariance matrix[ 3 ] = -0.967467
Minuit2:0: RuntimeWarning: MnPosDef Added to diagonal of Error matrix a value 1.46747
Minuit2:0: RuntimeWarning: VariableMetricBuilder gdel = -4324.74
Minuit2:0: RuntimeWarning: DavidonErrorUpdator delgam < 0 : first derivatives increasing along search line (details in info log)
Minuit2:0: RuntimeWarning: VariableMetricBuilder Matrix not pos.def, gdel = 5.14399 > 0
Minuit2:0: RuntimeWarning: MnPosDef Matrix forced pos-def by adding to diagonal 0.00255126
Minuit2:0: RuntimeWarning: VariableMetricBuilder gdel = -135.16
Minuit2:0: RuntimeWarning: DavidonErrorUpdator delgam < 0 : first derivatives increasing along search line (details in info log)
Minuit2:0: RuntimeWarning: VariableMetricBuilder Matrix not pos.def, gdel = 44.358 > 0
Minuit2:0: RuntimeWarning: MnPosDef non-positive diagonal element in covariance matrix[ 0 ] = -0.00074883
Minuit2:0: RuntimeWarning: MnPosDef non-positive diagonal element in covariance matrix[ 2 ] = -0.000233631
Minuit2:0: RuntimeWarning: MnPosDef Added to diagonal of Error matrix a value 0.500749
Minuit2:0: RuntimeWarning: VariableMetricBuilder gdel = -17489.6
Minuit2Minimizer : Valid minimum - status = 0
FVAL  = 9.30319459869505039
Edm   = 1.1962829251289523e-05
Nfcn  = 475
Width	  = 2.11031	 +/-  0.393133	(limited)
MP	  = 15.9557	 +/-  0.255665	(limited)
Area	  = 1625.16	 +/-  99.9604	(limited)
GSigma	  = 1.64468	 +/-  0.761869	(limited)
****************************************
Minimizer is Minuit2 / Combined
Chi2                      =      9.30319
NDf                       =            8
Edm                       =  1.19628e-05
NCalls                    =          475
Width                     =      2.11031   +/-   0.393133     	 (limited)
MP                        =      15.9557   +/-   0.255665     	 (limited)
Area                      =      1625.16   +/-   99.9604      	 (limited)
GSigma                    =      1.64468   +/-   0.761869     	 (limited)
TH1F::Sumw2:0: RuntimeWarning: Sum of squares of weights structure already created
Info in <ROOT::Math::ParameterSettings>: lower/upper bounds outside current parameter value. The value will be set to (low+up)/2 
Minuit2Minimizer: Minimize with max-calls 1000000 convergence for edm < 0.01 strategy 1
Minuit2Minimizer : Valid minimum - status = 0
FVAL  = 1.12741019680036292
Edm   = 5.1901644107486714e-06
Nfcn  = 536
Width	  = 1.00006	 +/-  11.9815	(limited)
MP	  = 17.1562	 +/-  0.147709	(limited)
Area	  = 1331.71	 +/-  48.4526	(limited)
GSigma	  = 2.65381	 +/-  0.211266	(limited)
****************************************
Minimizer is Minuit2 / Combined
Chi2                      =      1.12741
NDf                       =            7
Edm                       =  5.19016e-06
NCalls                    =          536
Width                     =      1.00006   +/-   11.9815      	 (limited)
MP                        =      17.1562   +/-   0.147709     	 (limited)
Area                      =      1331.71   +/-   48.4526      	 (limited)
GSigma                    =      2.65381   +/-   0.211266     	 (limited)
Info in <TCanvas::Print>: Current canvas added to pdf file /data9/YangMingShanExperiments/YangMingHotspotResort/LowLevelProcessedData/DailyPlots/20260119_Det01_Exp0001_Run000005_001_Mu_TOT_TEST.pdf
Plotting Boards:  31%|███▏      | 5/16 [00:01<00:03,  3.07it/s]TH1F::Sumw2:0: RuntimeWarning: Sum of squares of weights structure already created
Info in <ROOT::Math::ParameterSettings>: lower/upper bounds outside current parameter value. The value will be set to (low+up)/2 
Minuit2Minimizer: Minimize with max-calls 1000000 convergence for edm < 0.01 strategy 1
Minuit2Minimizer : Valid minimum - status = 0
FVAL  = 6.47046786424979192
Edm   = 1.36219490000393191e-05
Nfcn  = 266
Width	  = 1.2018	 +/-  0.395515	(limited)
MP	  = 18.7906	 +/-  0.126852	(limited)
Area	  = 2051.45	 +/-  130.363	(limited)
GSigma	  = 2.36876	 +/-  0.489111	(limited)
****************************************
Minimizer is Minuit2 / Combined
Chi2                      =      6.47047
NDf                       =            7
Edm                       =  1.36219e-05
NCalls                    =          266
Width                     =       1.2018   +/-   0.395515     	 (limited)
MP                        =      18.7906   +/-   0.126852     	 (limited)
Area                      =      2051.45   +/-   130.363      	 (limited)
GSigma                    =      2.36876   +/-   0.489111     	 (limited)
TH1F::Sumw2:0: RuntimeWarning: Sum of squares of weights structure already created
Info in <ROOT::Math::ParameterSettings>: lower/upper bounds outside current parameter value. The value will be set to (low+up)/2 
Minuit2Minimizer: Minimize with max-calls 1000000 convergence for edm < 0.01 strategy 1
Minuit2Minimizer : Valid minimum - status = 0
FVAL  = 3.17220415375502052
Edm   = 1.13262468424163069e-06
Nfcn  = 201
Width	  = 1.29009	 +/-  0.298554	(limited)
MP	  = 18.5261	 +/-  0.109801	(limited)
Area	  = 2307.51	 +/-  112.302	(limited)
GSigma	  = 2.1092	 +/-  0.429959	(limited)
****************************************
Minimizer is Minuit2 / Combined
Chi2                      =       3.1722
NDf                       =            7
Edm                       =  1.13262e-06
NCalls                    =          201
Width                     =      1.29009   +/-   0.298554     	 (limited)
MP                        =      18.5261   +/-   0.109801     	 (limited)
Area                      =      2307.51   +/-   112.302      	 (limited)
GSigma                    =       2.1092   +/-   0.429959     	 (limited)
TH1F::Sumw2:0: RuntimeWarning: Sum of squares of weights structure already created
Info in <ROOT::Math::ParameterSettings>: lower/upper bounds outside current parameter value. The value will be set to (low+up)/2 
Minuit2Minimizer: Minimize with max-calls 1000000 convergence for edm < 0.01 strategy 1
Minuit2Minimizer : Valid minimum - status = 0
FVAL  = 3.43881217407983497
Edm   = 1.1203106788201612e-07
Nfcn  = 253
Width	  = 1.34814	 +/-  0.296294	(limited)
MP	  = 18.6961	 +/-  0.107262	(limited)
Area	  = 2415.79	 +/-  121.215	(limited)
GSigma	  = 2.07627	 +/-  0.409689	(limited)
****************************************
Minimizer is Minuit2 / Combined
Chi2                      =      3.43881
NDf                       =            7
Edm                       =  1.12031e-07
NCalls                    =          253
Width                     =      1.34814   +/-   0.296294     	 (limited)
MP                        =      18.6961   +/-   0.107262     	 (limited)
Area                      =      2415.79   +/-   121.215      	 (limited)
GSigma                    =      2.07627   +/-   0.409689     	 (limited)
TH1F::Sumw2:0: RuntimeWarning: Sum of squares of weights structure already created
Info in <ROOT::Math::ParameterSettings>: lower/upper bounds outside current parameter value. The value will be set to (low+up)/2 
Minuit2Minimizer: Minimize with max-calls 1000000 convergence for edm < 0.01 strategy 1
Minuit2Minimizer : Valid minimum - status = 0
FVAL  = 6.00874474576607653
Edm   = 9.52823802780580836e-06
Nfcn  = 197
Width	  = 1.40282	 +/-  0.216549	(limited)
MP	  = 18.8271	 +/-  0.0951267	(limited)
Area	  = 2483.53	 +/-  105.185	(limited)
GSigma	  = 1.69157	 +/-  0.318287	(limited)
****************************************
Minimizer is Minuit2 / Combined
Chi2                      =      6.00874
NDf                       =            7
Edm                       =  9.52824e-06
NCalls                    =          197
Width                     =      1.40282   +/-   0.216549     	 (limited)
MP                        =      18.8271   +/-   0.0951267    	 (limited)
Area                      =      2483.53   +/-   105.185      	 (limited)
GSigma                    =      1.69157   +/-   0.318287     	 (limited)
TH1F::Sumw2:0: RuntimeWarning: Sum of squares of weights structure already created
Info in <ROOT::Math::ParameterSettings>: lower/upper bounds outside current parameter value. The value will be set to (low+up)/2 
Minuit2Minimizer: Minimize with max-calls 1000000 convergence for edm < 0.01 strategy 1
Minuit2Minimizer : Valid minimum - status = 0
FVAL  = 7.03246667150144766
Edm   = 3.45816642976002241e-07
Nfcn  = 263
Width	  = 1.31443	 +/-  0.315167	(limited)
MP	  = 17.7123	 +/-  0.117743	(limited)
Area	  = 1736.63	 +/-  96.259	(limited)
GSigma	  = 1.97309	 +/-  0.440789	(limited)
****************************************
Minimizer is Minuit2 / Combined
Chi2                      =      7.03247
NDf                       =            7
Edm                       =  3.45817e-07
NCalls                    =          263
Width                     =      1.31443   +/-   0.315167     	 (limited)
MP                        =      17.7123   +/-   0.117743     	 (limited)
Area                      =      1736.63   +/-   96.259       	 (limited)
GSigma                    =      1.97309   +/-   0.440789     	 (limited)
TH1F::Sumw2:0: RuntimeWarning: Sum of squares of weights structure already created
Info in <ROOT::Math::ParameterSettings>: lower/upper bounds outside current parameter value. The value will be set to (low+up)/2 
Minuit2Minimizer: Minimize with max-calls 1000000 convergence for edm < 0.01 strategy 1
Minuit2Minimizer : Valid minimum - status = 0
FVAL  = 4.30070570278602116
Edm   = 1.78760573952375597e-08
Nfcn  = 257
Width	  = 1.1983	 +/-  0.400836	(limited)
MP	  = 18.6966	 +/-  0.127085	(limited)
Area	  = 2034.87	 +/-  125.659	(limited)
GSigma	  = 2.34572	 +/-  0.527878	(limited)
****************************************
Minimizer is Minuit2 / Combined
Chi2                      =      4.30071
NDf                       =            7
Edm                       =  1.78761e-08
NCalls                    =          257
Width                     =       1.1983   +/-   0.400836     	 (limited)
MP                        =      18.6966   +/-   0.127085     	 (limited)
Area                      =      2034.87   +/-   125.659      	 (limited)
GSigma                    =      2.34572   +/-   0.527878     	 (limited)
TH1F::Sumw2:0: RuntimeWarning: Sum of squares of weights structure already created
Info in <ROOT::Math::ParameterSettings>: lower/upper bounds outside current parameter value. The value will be set to (low+up)/2 
Info in <ROOT::Math::ParameterSettings>: lower/upper bounds outside current parameter value. The value will be set to (low+up)/2 
Minuit2Minimizer: Minimize with max-calls 1000000 convergence for edm < 0.01 strategy 1
Minuit2Minimizer : Valid minimum - status = 0
FVAL  = 11.6084482251085745
Edm   = 1.8134748443535724e-06
Nfcn  = 211
Width	  = 1.37718	 +/-  0.224145	(limited)
MP	  = 23.548	 +/-  0.108214	(limited)
Area	  = 2194.98	 +/-  93.5977	(limited)
GSigma	  = 1.82176	 +/-  0.346236	(limited)
****************************************
Minimizer is Minuit2 / Combined
Chi2                      =      11.6084
NDf                       =            7
Edm                       =  1.81347e-06
NCalls                    =          211
Width                     =      1.37718   +/-   0.224145     	 (limited)
MP                        =       23.548   +/-   0.108214     	 (limited)
Area                      =      2194.98   +/-   93.5977      	 (limited)
GSigma                    =      1.82176   +/-   0.346236     	 (limited)
TH1F::Sumw2:0: RuntimeWarning: Sum of squares of weights structure already created
Info in <ROOT::Math::ParameterSettings>: lower/upper bounds outside current parameter value. The value will be set to (low+up)/2 
Minuit2Minimizer: Minimize with max-calls 1000000 convergence for edm < 0.01 strategy 1
Minuit2Minimizer : Valid minimum - status = 0
FVAL  = 9.78561743481876967
Edm   = 2.96606287829579204e-06
Nfcn  = 271
Width	  = 1.93216	 +/-  0.275951	(limited)
MP	  = 19.0264	 +/-  0.160866	(limited)
Area	  = 2328.14	 +/-  107.052	(limited)
GSigma	  = 1.54212	 +/-  0.531934	(limited)
****************************************
Minimizer is Minuit2 / Combined
Chi2                      =      9.78562
NDf                       =            8
Edm                       =  2.96606e-06
NCalls                    =          271
Width                     =      1.93216   +/-   0.275951     	 (limited)
MP                        =      19.0264   +/-   0.160866     	 (limited)
Area                      =      2328.14   +/-   107.052      	 (limited)
GSigma                    =      1.54212   +/-   0.531934     	 (limited)
TH1F::Sumw2:0: RuntimeWarning: Sum of squares of weights structure already created
Info in <ROOT::Math::ParameterSettings>: lower/upper bounds outside current parameter value. The value will be set to (low+up)/2 
Minuit2Minimizer: Minimize with max-calls 1000000 convergence for edm < 0.01 strategy 1
Minuit2Minimizer : Valid minimum - status = 0
FVAL  = 6.87770866688982796
Edm   = 5.95603092482960458e-06
Nfcn  = 321
Width	  = 1.36403	 +/-  0.328756	(limited)
MP	  = 18.608	 +/-  0.13001	(limited)
Area	  = 1615.52	 +/-  103.328	(limited)
GSigma	  = 1.75869	 +/-  0.470068	(limited)
****************************************
Minimizer is Minuit2 / Combined
Chi2                      =      6.87771
NDf                       =            6
Edm                       =  5.95603e-06
NCalls                    =          321
Width                     =      1.36403   +/-   0.328756     	 (limited)
MP                        =       18.608   +/-   0.13001      	 (limited)
Area                      =      1615.52   +/-   103.328      	 (limited)
GSigma                    =      1.75869   +/-   0.470068     	 (limited)
TH1F::Sumw2:0: RuntimeWarning: Sum of squares of weights structure already created
Info in <ROOT::Math::ParameterSettings>: lower/upper bounds outside current parameter value. The value will be set to (low+up)/2 
Minuit2Minimizer: Minimize with max-calls 1000000 convergence for edm < 0.01 strategy 1
Minuit2Minimizer : Valid minimum - status = 0
FVAL  = 11.2874807397043835
Edm   = 1.78783792320196281e-06
Nfcn  = 289
Width	  = 1.19462	 +/-  0.395341	(limited)
MP	  = 18.324	 +/-  0.123667	(limited)
Area	  = 1692.94	 +/-  122.229	(limited)
GSigma	  = 2.04462	 +/-  0.462782	(limited)
****************************************
Minimizer is Minuit2 / Combined
Chi2                      =      11.2875
NDf                       =            7
Edm                       =  1.78784e-06
NCalls                    =          289
Width                     =      1.19462   +/-   0.395341     	 (limited)
MP                        =       18.324   +/-   0.123667     	 (limited)
Area                      =      1692.94   +/-   122.229      	 (limited)
GSigma                    =      2.04462   +/-   0.462782     	 (limited)
TH1F::Sumw2:0: RuntimeWarning: Sum of squares of weights structure already created
Info in <ROOT::Math::ParameterSettings>: lower/upper bounds outside current parameter value. The value will be set to (low+up)/2 
Minuit2Minimizer: Minimize with max-calls 1000000 convergence for edm < 0.01 strategy 1
Minuit2Minimizer : Valid minimum - status = 0
FVAL  = 9.42176321383043813
Edm   = 1.76525866633993062e-07
Nfcn  = 243
Width	  = 1.21409	 +/-  0.310759	(limited)
MP	  = 18.464	 +/-  0.130136	(limited)
Area	  = 1810.8	 +/-  80.4722	(limited)
GSigma	  = 2.23501	 +/-  0.50136	(limited)
****************************************
Minimizer is Minuit2 / Combined
Chi2                      =      9.42176
NDf                       =            8
Edm                       =  1.76526e-07
NCalls                    =          243
Width                     =      1.21409   +/-   0.310759     	 (limited)
MP                        =       18.464   +/-   0.130136     	 (limited)
Area                      =       1810.8   +/-   80.4722      	 (limited)
GSigma                    =      2.23501   +/-   0.50136      	 (limited)
TH1F::Sumw2:0: RuntimeWarning: Sum of squares of weights structure already created
Info in <ROOT::Math::ParameterSettings>: lower/upper bounds outside current parameter value. The value will be set to (low+up)/2 
Minuit2Minimizer: Minimize with max-calls 1000000 convergence for edm < 0.01 strategy 1
Minuit2:0: RuntimeWarning: DavidonErrorUpdator delgam < 0 : first derivatives increasing along search line (details in info log)
Minuit2:0: RuntimeWarning: VariableMetricBuilder Matrix not pos.def, gdel = 1.0574 > 0
Minuit2:0: RuntimeWarning: MnPosDef non-positive diagonal element in covariance matrix[ 0 ] = -0.000251498
Minuit2:0: RuntimeWarning: MnPosDef non-positive diagonal element in covariance matrix[ 3 ] = -4.18135
Minuit2:0: RuntimeWarning: MnPosDef Added to diagonal of Error matrix a value 4.68135
Minuit2:0: RuntimeWarning: VariableMetricBuilder gdel = -48789.6
Minuit2:0: RuntimeWarning: DavidonErrorUpdator delgam < 0 : first derivatives increasing along search line (details in info log)
Minuit2:0: RuntimeWarning: VariableMetricBuilder Matrix not pos.def, gdel = 688.094 > 0
Minuit2:0: RuntimeWarning: MnPosDef non-positive diagonal element in covariance matrix[ 0 ] = -0.076872
Minuit2:0: RuntimeWarning: MnPosDef non-positive diagonal element in covariance matrix[ 1 ] = -0.0658147
Minuit2:0: RuntimeWarning: MnPosDef non-positive diagonal element in covariance matrix[ 2 ] = -0.00391842
Minuit2:0: RuntimeWarning: MnPosDef non-positive diagonal element in covariance matrix[ 3 ] = -23.2904
Minuit2:0: RuntimeWarning: MnPosDef Added to diagonal of Error matrix a value 23.7904
Minuit2:0: RuntimeWarning: VariableMetricBuilder gdel = -107701
Minuit2Minimizer : Valid minimum - status = 0
FVAL  = 9.67055430619146428
Edm   = 5.20446390677654375e-06
Nfcn  = 358
Width	  = 1.26057	 +/-  0.466108	(limited)
MP	  = 18.3097	 +/-  0.130721	(limited)
Area	  = 1706.85	 +/-  139.198	(limited)
GSigma	  = 2.29477	 +/-  0.516515	(limited)
****************************************
Minimizer is Minuit2 / Combined
Chi2                      =      9.67055
NDf                       =            7
Edm                       =  5.20446e-06
NCalls                    =          358
Width                     =      1.26057   +/-   0.466108     	 (limited)
MP                        =      18.3097   +/-   0.130721     	 (limited)
Area                      =      1706.85   +/-   139.198      	 (limited)
GSigma                    =      2.29477   +/-   0.516515     	 (limited)
TH1F::Sumw2:0: RuntimeWarning: Sum of squares of weights structure already created
Info in <ROOT::Math::ParameterSettings>: lower/upper bounds outside current parameter value. The value will be set to (low+up)/2 
Minuit2Minimizer: Minimize with max-calls 1000000 convergence for edm < 0.01 strategy 1
Minuit2Minimizer : Valid minimum - status = 0
FVAL  = 7.53298826088593643
Edm   = 9.08537268526124465e-06
Nfcn  = 329
Width	  = 1.80471	 +/-  0.300012	(limited)
MP	  = 18.2107	 +/-  0.151385	(limited)
Area	  = 1663.14	 +/-  87.8762	(limited)
GSigma	  = 1.3886	 +/-  0.550538	(limited)
****************************************
Minimizer is Minuit2 / Combined
Chi2                      =      7.53299
NDf                       =            8
Edm                       =  9.08537e-06
NCalls                    =          329
Width                     =      1.80471   +/-   0.300012     	 (limited)
MP                        =      18.2107   +/-   0.151385     	 (limited)
Area                      =      1663.14   +/-   87.8762      	 (limited)
GSigma                    =       1.3886   +/-   0.550538     	 (limited)
TH1F::Sumw2:0: RuntimeWarning: Sum of squares of weights structure already created
Info in <ROOT::Math::ParameterSettings>: lower/upper bounds outside current parameter value. The value will be set to (low+up)/2 
Minuit2Minimizer: Minimize with max-calls 1000000 convergence for edm < 0.01 strategy 1
Minuit2Minimizer : Valid minimum - status = 0
FVAL  = 5.84908482309792088
Edm   = 4.94815485377686551e-07
Nfcn  = 261
Width	  = 1.88968	 +/-  0.258198	(limited)
MP	  = 18.4242	 +/-  0.157554	(limited)
Area	  = 1728.74	 +/-  87.228	(limited)
GSigma	  = 1.19929	 +/-  0.479543	(limited)
****************************************
Minimizer is Minuit2 / Combined
Chi2                      =      5.84908
NDf                       =            8
Edm                       =  4.94815e-07
NCalls                    =          261
Width                     =      1.88968   +/-   0.258198     	 (limited)
MP                        =      18.4242   +/-   0.157554     	 (limited)
Area                      =      1728.74   +/-   87.228       	 (limited)
GSigma                    =      1.19929   +/-   0.479543     	 (limited)
TH1F::Sumw2:0: RuntimeWarning: Sum of squares of weights structure already created
Info in <ROOT::Math::ParameterSettings>: lower/upper bounds outside current parameter value. The value will be set to (low+up)/2 
Minuit2Minimizer: Minimize with max-calls 1000000 convergence for edm < 0.01 strategy 1
Minuit2Minimizer : Valid minimum - status = 0
FVAL  = 6.74969460361223472
Edm   = 6.87002860893319641e-07
Nfcn  = 185
Width	  = 1.91554	 +/-  0.308654	(limited)
MP	  = 18.5605	 +/-  0.166769	(limited)
Area	  = 1702.88	 +/-  96.5939	(limited)
GSigma	  = 1.25395	 +/-  0.554647	(limited)
****************************************
Minimizer is Minuit2 / Combined
Chi2                      =      6.74969
NDf                       =            8
Edm                       =  6.87003e-07
NCalls                    =          185
Width                     =      1.91554   +/-   0.308654     	 (limited)
MP                        =      18.5605   +/-   0.166769     	 (limited)
Area                      =      1702.88   +/-   96.5939      	 (limited)
GSigma                    =      1.25395   +/-   0.554647     	 (limited)
TH1F::Sumw2:0: RuntimeWarning: Sum of squares of weights structure already created
Info in <ROOT::Math::ParameterSettings>: lower/upper bounds outside current parameter value. The value will be set to (low+up)/2 
Minuit2Minimizer: Minimize with max-calls 1000000 convergence for edm < 0.01 strategy 1
Minuit2Minimizer : Valid minimum - status = 0
FVAL  = 11.0478713400931241
Edm   = 3.21649087861290572e-07
Nfcn  = 201
Width	  = 1.91996	 +/-  0.440949	(limited)
MP	  = 18.7752	 +/-  0.24986	(limited)
Area	  = 1446.94	 +/-  100.225	(limited)
GSigma	  = 1.38044	 +/-  0.868896	(limited)
****************************************
Minimizer is Minuit2 / Combined
Chi2                      =      11.0479
NDf                       =            7
Edm                       =  3.21649e-07
NCalls                    =          201
Width                     =      1.91996   +/-   0.440949     	 (limited)
MP                        =      18.7752   +/-   0.24986      	 (limited)
Area                      =      1446.94   +/-   100.225      	 (limited)
GSigma                    =      1.38044   +/-   0.868896     	 (limited)
Info in <TCanvas::Print>: Current canvas added to pdf file /data9/YangMingShanExperiments/YangMingHotspotResort/LowLevelProcessedData/DailyPlots/20260119_Det01_Exp0001_Run000005_001_Mu_TOT_TEST.pdf
Plotting Boards:  38%|███▊      | 6/16 [00:02<00:03,  3.16it/s]TH1F::Sumw2:0: RuntimeWarning: Sum of squares of weights structure already created
Info in <ROOT::Math::ParameterSettings>: lower/upper bounds outside current parameter value. The value will be set to (low+up)/2 
Minuit2Minimizer: Minimize with max-calls 1000000 convergence for edm < 0.01 strategy 1
Minuit2Minimizer : Valid minimum - status = 0
FVAL  = 7.36647448523241
Edm   = 6.07275009035287023e-06
Nfcn  = 269
Width	  = 1.955	 +/-  0.153454	(limited)
MP	  = 17.653	 +/-  0.155829	(limited)
Area	  = 1474.84	 +/-  70.2151	(limited)
GSigma	  = 1.00002	 +/-  3.50535	(limited)
****************************************
Minimizer is Minuit2 / Combined
Chi2                      =      7.36647
NDf                       =            7
Edm                       =  6.07275e-06
NCalls                    =          269
Width                     =        1.955   +/-   0.153454     	 (limited)
MP                        =       17.653   +/-   0.155829     	 (limited)
Area                      =      1474.84   +/-   70.2151      	 (limited)
GSigma                    =      1.00002   +/-   3.50535      	 (limited)
TH1F::Sumw2:0: RuntimeWarning: Sum of squares of weights structure already created
Info in <ROOT::Math::ParameterSettings>: lower/upper bounds outside current parameter value. The value will be set to (low+up)/2 
Minuit2Minimizer: Minimize with max-calls 1000000 convergence for edm < 0.01 strategy 1
Minuit2Minimizer : Valid minimum - status = 0
FVAL  = 7.38896200745496667
Edm   = 3.51353354458907227e-07
Nfcn  = 283
Width	  = 1.90661	 +/-  0.368365	(limited)
MP	  = 17.8214	 +/-  0.171574	(limited)
Area	  = 1702.01	 +/-  102.25	(limited)
GSigma	  = 1.94556	 +/-  0.527947	(limited)
****************************************
Minimizer is Minuit2 / Combined
Chi2                      =      7.38896
NDf                       =            9
Edm                       =  3.51353e-07
NCalls                    =          283
Width                     =      1.90661   +/-   0.368365     	 (limited)
MP                        =      17.8214   +/-   0.171574     	 (limited)
Area                      =      1702.01   +/-   102.25       	 (limited)
GSigma                    =      1.94556   +/-   0.527947     	 (limited)
TH1F::Sumw2:0: RuntimeWarning: Sum of squares of weights structure already created
Info in <ROOT::Math::ParameterSettings>: lower/upper bounds outside current parameter value. The value will be set to (low+up)/2 
Minuit2Minimizer: Minimize with max-calls 1000000 convergence for edm < 0.01 strategy 1
Minuit2Minimizer : Valid minimum - status = 0
FVAL  = 6.85963524127199076
Edm   = 8.75664600625969476e-07
Nfcn  = 170
Width	  = 2.12823	 +/-  0.13257	(limited)
MP	  = 17.9901	 +/-  0.14596	(limited)
Area	  = 1789.5	 +/-  68.6001	(limited)
GSigma	  = 1	 +/-  0.409677	(limited)
****************************************
Minimizer is Minuit2 / Combined
Chi2                      =      6.85964
NDf                       =            9
Edm                       =  8.75665e-07
NCalls                    =          170
Width                     =      2.12823   +/-   0.13257      	 (limited)
MP                        =      17.9901   +/-   0.14596      	 (limited)
Area                      =       1789.5   +/-   68.6001      	 (limited)
GSigma                    =            1   +/-   0.409677     	 (limited)
TH1F::Sumw2:0: RuntimeWarning: Sum of squares of weights structure already created
Info in <ROOT::Math::ParameterSettings>: lower/upper bounds outside current parameter value. The value will be set to (low+up)/2 
Minuit2Minimizer: Minimize with max-calls 1000000 convergence for edm < 0.01 strategy 1
Minuit2Minimizer : Valid minimum - status = 0
FVAL  = 5.20340776689475426
Edm   = 3.0473713142578624e-07
Nfcn  = 241
Width	  = 2.35907	 +/-  0.353347	(limited)
MP	  = 17.6127	 +/-  0.227996	(limited)
Area	  = 1781.68	 +/-  88.1831	(limited)
GSigma	  = 1.31095	 +/-  0.837887	(limited)
****************************************
Minimizer is Minuit2 / Combined
Chi2                      =      5.20341
NDf                       =           10
Edm                       =  3.04737e-07
NCalls                    =          241
Width                     =      2.35907   +/-   0.353347     	 (limited)
MP                        =      17.6127   +/-   0.227996     	 (limited)
Area                      =      1781.68   +/-   88.1831      	 (limited)
GSigma                    =      1.31095   +/-   0.837887     	 (limited)
TH1F::Sumw2:0: RuntimeWarning: Sum of squares of weights structure already created
Info in <ROOT::Math::ParameterSettings>: lower/upper bounds outside current parameter value. The value will be set to (low+up)/2 
Minuit2Minimizer: Minimize with max-calls 1000000 convergence for edm < 0.01 strategy 1
Minuit2Minimizer : Valid minimum - status = 0
FVAL  = 4.97162103327945992
Edm   = 3.89132220474384315e-06
Nfcn  = 242
Width	  = 2.20167	 +/-  0.320009	(limited)
MP	  = 17.8544	 +/-  0.191902	(limited)
Area	  = 2071.18	 +/-  109.112	(limited)
GSigma	  = 1.43759	 +/-  0.604163	(limited)
****************************************
Minimizer is Minuit2 / Combined
Chi2                      =      4.97162
NDf                       =            9
Edm                       =  3.89132e-06
NCalls                    =          242
Width                     =      2.20167   +/-   0.320009     	 (limited)
MP                        =      17.8544   +/-   0.191902     	 (limited)
Area                      =      2071.18   +/-   109.112      	 (limited)
GSigma                    =      1.43759   +/-   0.604163     	 (limited)
TH1F::Sumw2:0: RuntimeWarning: Sum of squares of weights structure already created
Info in <ROOT::Math::ParameterSettings>: lower/upper bounds outside current parameter value. The value will be set to (low+up)/2 
Minuit2Minimizer: Minimize with max-calls 1000000 convergence for edm < 0.01 strategy 1
Minuit2Minimizer : Valid minimum - status = 0
FVAL  = 4.72725920449068049
Edm   = 8.33307341968374022e-08
Nfcn  = 267
Width	  = 1.73976	 +/-  0.268769	(limited)
MP	  = 18.0082	 +/-  0.143751	(limited)
Area	  = 2005.96	 +/-  102.161	(limited)
GSigma	  = 1.33776	 +/-  0.498566	(limited)
****************************************
Minimizer is Minuit2 / Combined
Chi2                      =      4.72726
NDf                       =            7
Edm                       =  8.33307e-08
NCalls                    =          267
Width                     =      1.73976   +/-   0.268769     	 (limited)
MP                        =      18.0082   +/-   0.143751     	 (limited)
Area                      =      2005.96   +/-   102.161      	 (limited)
GSigma                    =      1.33776   +/-   0.498566     	 (limited)
TH1F::Sumw2:0: RuntimeWarning: Sum of squares of weights structure already created
Info in <ROOT::Math::ParameterSettings>: lower/upper bounds outside current parameter value. The value will be set to (low+up)/2 
Minuit2Minimizer: Minimize with max-calls 1000000 convergence for edm < 0.01 strategy 1
Minuit2Minimizer : Valid minimum - status = 0
FVAL  = 5.27038660514732804
Edm   = 1.58903625842027951e-06
Nfcn  = 200
Width	  = 1.36002	 +/-  0.299293	(limited)
MP	  = 18.1456	 +/-  0.109276	(limited)
Area	  = 1958.12	 +/-  96.7679	(limited)
GSigma	  = 1.98262	 +/-  0.437435	(limited)
****************************************
Minimizer is Minuit2 / Combined
Chi2                      =      5.27039
NDf                       =            8
Edm                       =  1.58904e-06
NCalls                    =          200
Width                     =      1.36002   +/-   0.299293     	 (limited)
MP                        =      18.1456   +/-   0.109276     	 (limited)
Area                      =      1958.12   +/-   96.7679      	 (limited)
GSigma                    =      1.98262   +/-   0.437435     	 (limited)
TH1F::Sumw2:0: RuntimeWarning: Sum of squares of weights structure already created
Info in <ROOT::Math::ParameterSettings>: lower/upper bounds outside current parameter value. The value will be set to (low+up)/2 
Minuit2Minimizer: Minimize with max-calls 1000000 convergence for edm < 0.01 strategy 1
Minuit2Minimizer : Valid minimum - status = 0
FVAL  = 9.79316038501987762
Edm   = 3.08056556075633604e-07
Nfcn  = 305
Width	  = 1	 +/-  0.416642	(limited)
MP	  = 17.7224	 +/-  0.126857	(limited)
Area	  = 1733.93	 +/-  51.8281	(limited)
GSigma	  = 2.77333	 +/-  0.173464	(limited)
****************************************
Minimizer is Minuit2 / Combined
Chi2                      =      9.79316
NDf                       =            8
Edm                       =  3.08057e-07
NCalls                    =          305
Width                     =            1   +/-   0.416642     	 (limited)
MP                        =      17.7224   +/-   0.126857     	 (limited)
Area                      =      1733.93   +/-   51.8281      	 (limited)
GSigma                    =      2.77333   +/-   0.173464     	 (limited)
TH1F::Sumw2:0: RuntimeWarning: Sum of squares of weights structure already created
Info in <ROOT::Math::ParameterSettings>: lower/upper bounds outside current parameter value. The value will be set to (low+up)/2 
Minuit2Minimizer: Minimize with max-calls 1000000 convergence for edm < 0.01 strategy 1
Minuit2Minimizer : Valid minimum - status = 0
FVAL  = 2.79845904812095903
Edm   = 1.55368239583321448e-06
Nfcn  = 274
Width	  = 1.19399	 +/-  0.321893	(limited)
MP	  = 18.8098	 +/-  0.114267	(limited)
Area	  = 2184.17	 +/-  120.686	(limited)
GSigma	  = 2.26579	 +/-  0.397255	(limited)
****************************************
Minimizer is Minuit2 / Combined
Chi2                      =      2.79846
NDf                       =            7
Edm                       =  1.55368e-06
NCalls                    =          274
Width                     =      1.19399   +/-   0.321893     	 (limited)
MP                        =      18.8098   +/-   0.114267     	 (limited)
Area                      =      2184.17   +/-   120.686      	 (limited)
GSigma                    =      2.26579   +/-   0.397255     	 (limited)
TH1F::Sumw2:0: RuntimeWarning: Sum of squares of weights structure already created
Info in <ROOT::Math::ParameterSettings>: lower/upper bounds outside current parameter value. The value will be set to (low+up)/2 
Minuit2Minimizer: Minimize with max-calls 1000000 convergence for edm < 0.01 strategy 1
Minuit2Minimizer : Valid minimum - status = 0
FVAL  = 2.39487026714554352
Edm   = 3.38191441055568891e-06
Nfcn  = 273
Width	  = 1.25034	 +/-  0.327436	(limited)
MP	  = 18.7948	 +/-  0.110286	(limited)
Area	  = 2144.95	 +/-  117.875	(limited)
GSigma	  = 2.15392	 +/-  0.435847	(limited)
****************************************
Minimizer is Minuit2 / Combined
Chi2                      =      2.39487
NDf                       =            7
Edm                       =  3.38191e-06
NCalls                    =          273
Width                     =      1.25034   +/-   0.327436     	 (limited)
MP                        =      18.7948   +/-   0.110286     	 (limited)
Area                      =      2144.95   +/-   117.875      	 (limited)
GSigma                    =      2.15392   +/-   0.435847     	 (limited)
TH1F::Sumw2:0: RuntimeWarning: Sum of squares of weights structure already created
Info in <ROOT::Math::ParameterSettings>: lower/upper bounds outside current parameter value. The value will be set to (low+up)/2 
Minuit2Minimizer: Minimize with max-calls 1000000 convergence for edm < 0.01 strategy 1
Minuit2Minimizer : Valid minimum - status = 0
FVAL  = 8.19013494741324521
Edm   = 6.77847006597799475e-07
Nfcn  = 241
Width	  = 1.38801	 +/-  0.296281	(limited)
MP	  = 18.9203	 +/-  0.108209	(limited)
Area	  = 2094.73	 +/-  110.713	(limited)
GSigma	  = 1.88757	 +/-  0.424523	(limited)
****************************************
Minimizer is Minuit2 / Combined
Chi2                      =      8.19013
NDf                       =            7
Edm                       =  6.77847e-07
NCalls                    =          241
Width                     =      1.38801   +/-   0.296281     	 (limited)
MP                        =      18.9203   +/-   0.108209     	 (limited)
Area                      =      2094.73   +/-   110.713      	 (limited)
GSigma                    =      1.88757   +/-   0.424523     	 (limited)
TH1F::Sumw2:0: RuntimeWarning: Sum of squares of weights structure already created
Info in <ROOT::Math::ParameterSettings>: lower/upper bounds outside current parameter value. The value will be set to (low+up)/2 
Minuit2Minimizer: Minimize with max-calls 1000000 convergence for edm < 0.01 strategy 1
Minuit2Minimizer : Valid minimum - status = 0
FVAL  = 6.72912617066226559
Edm   = 1.90165221609155709e-06
Nfcn  = 291
Width	  = 1.46422	 +/-  0.33395	(limited)
MP	  = 17.7719	 +/-  0.123985	(limited)
Area	  = 2020.83	 +/-  113.61	(limited)
GSigma	  = 1.93058	 +/-  0.493334	(limited)
****************************************
Minimizer is Minuit2 / Combined
Chi2                      =      6.72913
NDf                       =            7
Edm                       =  1.90165e-06
NCalls                    =          291
Width                     =      1.46422   +/-   0.33395      	 (limited)
MP                        =      17.7719   +/-   0.123985     	 (limited)
Area                      =      2020.83   +/-   113.61       	 (limited)
GSigma                    =      1.93058   +/-   0.493334     	 (limited)
TH1F::Sumw2:0: RuntimeWarning: Sum of squares of weights structure already created
Info in <ROOT::Math::ParameterSettings>: lower/upper bounds outside current parameter value. The value will be set to (low+up)/2 
Minuit2Minimizer: Minimize with max-calls 1000000 convergence for edm < 0.01 strategy 1
Minuit2Minimizer : Valid minimum - status = 0
FVAL  = 5.99974777108082513
Edm   = 6.10096318870273389e-07
Nfcn  = 260
Width	  = 1.21282	 +/-  0.272557	(limited)
MP	  = 18.7783	 +/-  0.0997508	(limited)
Area	  = 2489.14	 +/-  118.315	(limited)
GSigma	  = 2.12208	 +/-  0.360734	(limited)
****************************************
Minimizer is Minuit2 / Combined
Chi2                      =      5.99975
NDf                       =            7
Edm                       =  6.10096e-07
NCalls                    =          260
Width                     =      1.21282   +/-   0.272557     	 (limited)
MP                        =      18.7783   +/-   0.0997508    	 (limited)
Area                      =      2489.14   +/-   118.315      	 (limited)
GSigma                    =      2.12208   +/-   0.360734     	 (limited)
TH1F::Sumw2:0: RuntimeWarning: Sum of squares of weights structure already created
Info in <ROOT::Math::ParameterSettings>: lower/upper bounds outside current parameter value. The value will be set to (low+up)/2 
Minuit2Minimizer: Minimize with max-calls 1000000 convergence for edm < 0.01 strategy 1
Minuit2Minimizer : Valid minimum - status = 0
FVAL  = 6.71532369161498632
Edm   = 1.22266697629971098e-06
Nfcn  = 237
Width	  = 1.78833	 +/-  0.10364	(limited)
MP	  = 18.3309	 +/-  0.106732	(limited)
Area	  = 2750.59	 +/-  96.7432	(limited)
GSigma	  = 1	 +/-  0.82792	(limited)
****************************************
Minimizer is Minuit2 / Combined
Chi2                      =      6.71532
NDf                       =            6
Edm                       =  1.22267e-06
NCalls                    =          237
Width                     =      1.78833   +/-   0.10364      	 (limited)
MP                        =      18.3309   +/-   0.106732     	 (limited)
Area                      =      2750.59   +/-   96.7432      	 (limited)
GSigma                    =            1   +/-   0.82792      	 (limited)
TH1F::Sumw2:0: RuntimeWarning: Sum of squares of weights structure already created
Info in <ROOT::Math::ParameterSettings>: lower/upper bounds outside current parameter value. The value will be set to (low+up)/2 
Minuit2Minimizer: Minimize with max-calls 1000000 convergence for edm < 0.01 strategy 1
Minuit2Minimizer : Valid minimum - status = 0
FVAL  = 4.39742333770709592
Edm   = 2.48029217754689751e-06
Nfcn  = 232
Width	  = 1.2147	 +/-  0.345	(limited)
MP	  = 18.6287	 +/-  0.117728	(limited)
Area	  = 2362.97	 +/-  129.608	(limited)
GSigma	  = 2.34176	 +/-  0.445408	(limited)
****************************************
Minimizer is Minuit2 / Combined
Chi2                      =      4.39742
NDf                       =            7
Edm                       =  2.48029e-06
NCalls                    =          232
Width                     =       1.2147   +/-   0.345        	 (limited)
MP                        =      18.6287   +/-   0.117728     	 (limited)
Area                      =      2362.97   +/-   129.608      	 (limited)
GSigma                    =      2.34176   +/-   0.445408     	 (limited)
TH1F::Sumw2:0: RuntimeWarning: Sum of squares of weights structure already created
Info in <ROOT::Math::ParameterSettings>: lower/upper bounds outside current parameter value. The value will be set to (low+up)/2 
Minuit2Minimizer: Minimize with max-calls 1000000 convergence for edm < 0.01 strategy 1
Minuit2Minimizer : Valid minimum - status = 0
FVAL  = 3.91540594244151752
Edm   = 3.4254573222824524e-07
Nfcn  = 321
Width	  = 1	 +/-  0.182157	(limited)
MP	  = 17.9605	 +/-  0.120218	(limited)
Area	  = 2192.69	 +/-  61.9368	(limited)
GSigma	  = 2.71108	 +/-  0.166872	(limited)
****************************************
Minimizer is Minuit2 / Combined
Chi2                      =      3.91541
NDf                       =            7
Edm                       =  3.42546e-07
NCalls                    =          321
Width                     =            1   +/-   0.182157     	 (limited)
MP                        =      17.9605   +/-   0.120218     	 (limited)
Area                      =      2192.69   +/-   61.9368      	 (limited)
GSigma                    =      2.71108   +/-   0.166872     	 (limited)
Info in <TCanvas::Print>: Current canvas added to pdf file /data9/YangMingShanExperiments/YangMingHotspotResort/LowLevelProcessedData/DailyPlots/20260119_Det01_Exp0001_Run000005_001_Mu_TOT_TEST.pdf
Plotting Boards:  44%|████▍     | 7/16 [00:02<00:02,  3.22it/s]TH1F::Sumw2:0: RuntimeWarning: Sum of squares of weights structure already created
Info in <ROOT::Math::ParameterSettings>: lower/upper bounds outside current parameter value. The value will be set to (low+up)/2 
Minuit2Minimizer: Minimize with max-calls 1000000 convergence for edm < 0.01 strategy 1
Minuit2Minimizer : Valid minimum - status = 0
FVAL  = 12.7706259242647331
Edm   = 5.35298150942929724e-08
Nfcn  = 178
Width	  = 1.96652	 +/-  0.117222	(limited)
MP	  = 19.0209	 +/-  0.137496	(limited)
Area	  = 1500.93	 +/-  54.65	(limited)
GSigma	  = 1	 +/-  0.378576	(limited)
****************************************
Minimizer is Minuit2 / Combined
Chi2                      =      12.7706
NDf                       =           10
Edm                       =  5.35298e-08
NCalls                    =          178
Width                     =      1.96652   +/-   0.117222     	 (limited)
MP                        =      19.0209   +/-   0.137496     	 (limited)
Area                      =      1500.93   +/-   54.65        	 (limited)
GSigma                    =            1   +/-   0.378576     	 (limited)
TH1F::Sumw2:0: RuntimeWarning: Sum of squares of weights structure already created
Info in <ROOT::Math::ParameterSettings>: lower/upper bounds outside current parameter value. The value will be set to (low+up)/2 
Minuit2Minimizer: Minimize with max-calls 1000000 convergence for edm < 0.01 strategy 1
Minuit2Minimizer : Valid minimum - status = 0
FVAL  = 8.09915884052179536
Edm   = 1.13703515577353236e-05
Nfcn  = 205
Width	  = 1.38215	 +/-  0.362014	(limited)
MP	  = 18.5653	 +/-  0.13918	(limited)
Area	  = 1354.41	 +/-  94.1546	(limited)
GSigma	  = 1.66438	 +/-  0.531067	(limited)
****************************************
Minimizer is Minuit2 / Combined
Chi2                      =      8.09916
NDf                       =            6
Edm                       =  1.13704e-05
NCalls                    =          205
Width                     =      1.38215   +/-   0.362014     	 (limited)
MP                        =      18.5653   +/-   0.13918      	 (limited)
Area                      =      1354.41   +/-   94.1546      	 (limited)
GSigma                    =      1.66438   +/-   0.531067     	 (limited)
TH1F::Sumw2:0: RuntimeWarning: Sum of squares of weights structure already created
Info in <ROOT::Math::ParameterSettings>: lower/upper bounds outside current parameter value. The value will be set to (low+up)/2 
Minuit2Minimizer: Minimize with max-calls 1000000 convergence for edm < 0.01 strategy 1
Minuit2Minimizer : Valid minimum - status = 0
FVAL  = 9.6446862956219821
Edm   = 9.59916576110050652e-07
Nfcn  = 294
Width	  = 1.1164	 +/-  0.364276	(limited)
MP	  = 19.2252	 +/-  0.157581	(limited)
Area	  = 1477.63	 +/-  86.9689	(limited)
GSigma	  = 2.29348	 +/-  0.475166	(limited)
****************************************
Minimizer is Minuit2 / Combined
Chi2                      =      9.64469
NDf                       =            8
Edm                       =  9.59917e-07
NCalls                    =          294
Width                     =       1.1164   +/-   0.364276     	 (limited)
MP                        =      19.2252   +/-   0.157581     	 (limited)
Area                      =      1477.63   +/-   86.9689      	 (limited)
GSigma                    =      2.29348   +/-   0.475166     	 (limited)
TH1F::Sumw2:0: RuntimeWarning: Sum of squares of weights structure already created
Info in <ROOT::Math::ParameterSettings>: lower/upper bounds outside current parameter value. The value will be set to (low+up)/2 
Minuit2Minimizer: Minimize with max-calls 1000000 convergence for edm < 0.01 strategy 1
Minuit2Minimizer : Valid minimum - status = 0
FVAL  = 3.02258503720241567
Edm   = 1.97506245122048374e-06
Nfcn  = 350
Width	  = 1.79285	 +/-  0.309025	(limited)
MP	  = 18.3313	 +/-  0.153003	(limited)
Area	  = 1639.99	 +/-  81.9781	(limited)
GSigma	  = 1.81044	 +/-  0.528261	(limited)
****************************************
Minimizer is Minuit2 / Combined
Chi2                      =      3.02259
NDf                       =            9
Edm                       =  1.97506e-06
NCalls                    =          350
Width                     =      1.79285   +/-   0.309025     	 (limited)
MP                        =      18.3313   +/-   0.153003     	 (limited)
Area                      =      1639.99   +/-   81.9781      	 (limited)
GSigma                    =      1.81044   +/-   0.528261     	 (limited)
TH1F::Sumw2:0: RuntimeWarning: Sum of squares of weights structure already created
Info in <ROOT::Math::ParameterSettings>: lower/upper bounds outside current parameter value. The value will be set to (low+up)/2 
Minuit2Minimizer: Minimize with max-calls 1000000 convergence for edm < 0.01 strategy 1
Minuit2Minimizer : Valid minimum - status = 0
FVAL  = 6.44600296612262635
Edm   = 7.27252511799035065e-08
Nfcn  = 223
Width	  = 1.82561	 +/-  0.133785	(limited)
MP	  = 18.5213	 +/-  0.13339	(limited)
Area	  = 1670.36	 +/-  71.1472	(limited)
GSigma	  = 1	 +/-  0.611211	(limited)
****************************************
Minimizer is Minuit2 / Combined
Chi2                      =        6.446
NDf                       =            7
Edm                       =  7.27253e-08
NCalls                    =          223
Width                     =      1.82561   +/-   0.133785     	 (limited)
MP                        =      18.5213   +/-   0.13339      	 (limited)
Area                      =      1670.36   +/-   71.1472      	 (limited)
GSigma                    =            1   +/-   0.611211     	 (limited)
TH1F::Sumw2:0: RuntimeWarning: Sum of squares of weights structure already created
Info in <ROOT::Math::ParameterSettings>: lower/upper bounds outside current parameter value. The value will be set to (low+up)/2 
Minuit2Minimizer: Minimize with max-calls 1000000 convergence for edm < 0.01 strategy 1
Minuit2Minimizer : Valid minimum - status = 0
FVAL  = 12.7436621296551564
Edm   = 6.38062990009484947e-07
Nfcn  = 213
Width	  = 1.63595	 +/-  0.415326	(limited)
MP	  = 17.4531	 +/-  0.174911	(limited)
Area	  = 1711.77	 +/-  104.223	(limited)
GSigma	  = 1.73044	 +/-  0.743002	(limited)
****************************************
Minimizer is Minuit2 / Combined
Chi2                      =      12.7437
NDf                       =            7
Edm                       =  6.38063e-07
NCalls                    =          213
Width                     =      1.63595   +/-   0.415326     	 (limited)
MP                        =      17.4531   +/-   0.174911     	 (limited)
Area                      =      1711.77   +/-   104.223      	 (limited)
GSigma                    =      1.73044   +/-   0.743002     	 (limited)
TH1F::Sumw2:0: RuntimeWarning: Sum of squares of weights structure already created
Info in <ROOT::Math::ParameterSettings>: lower/upper bounds outside current parameter value. The value will be set to (low+up)/2 
Minuit2Minimizer: Minimize with max-calls 1000000 convergence for edm < 0.01 strategy 1
Minuit2Minimizer : Valid minimum - status = 0
FVAL  = 3.59994287509652544
Edm   = 1.179819975298731e-06
Nfcn  = 323
Width	  = 1.97867	 +/-  0.201943	(limited)
MP	  = 18.3553	 +/-  0.147378	(limited)
Area	  = 1768.24	 +/-  72.6254	(limited)
GSigma	  = 1.00745	 +/-  3.97721	(limited)
****************************************
Minimizer is Minuit2 / Combined
Chi2                      =      3.59994
NDf                       =            9
Edm                       =  1.17982e-06
NCalls                    =          323
Width                     =      1.97867   +/-   0.201943     	 (limited)
MP                        =      18.3553   +/-   0.147378     	 (limited)
Area                      =      1768.24   +/-   72.6254      	 (limited)
GSigma                    =      1.00745   +/-   3.97721      	 (limited)
TH1F::Sumw2:0: RuntimeWarning: Sum of squares of weights structure already created
Info in <ROOT::Math::ParameterSettings>: lower/upper bounds outside current parameter value. The value will be set to (low+up)/2 
Minuit2Minimizer: Minimize with max-calls 1000000 convergence for edm < 0.01 strategy 1
Minuit2Minimizer : Valid minimum - status = 0
FVAL  = 2.31145818716574913
Edm   = 1.5366804665170555e-06
Nfcn  = 268
Width	  = 1.65928	 +/-  0.305706	(limited)
MP	  = 18.744	 +/-  0.148301	(limited)
Area	  = 1651.91	 +/-  80.8892	(limited)
GSigma	  = 1.68202	 +/-  0.57048	(limited)
****************************************
Minimizer is Minuit2 / Combined
Chi2                      =      2.31146
NDf                       =            8
Edm                       =  1.53668e-06
NCalls                    =          268
Width                     =      1.65928   +/-   0.305706     	 (limited)
MP                        =       18.744   +/-   0.148301     	 (limited)
Area                      =      1651.91   +/-   80.8892      	 (limited)
GSigma                    =      1.68202   +/-   0.57048      	 (limited)
TH1F::Sumw2:0: RuntimeWarning: Sum of squares of weights structure already created
Info in <ROOT::Math::ParameterSettings>: lower/upper bounds outside current parameter value. The value will be set to (low+up)/2 
Minuit2Minimizer: Minimize with max-calls 1000000 convergence for edm < 0.01 strategy 1
Minuit2Minimizer : Valid minimum - status = 0
FVAL  = 7.88286344282654561
Edm   = 2.90245382775164239e-07
Nfcn  = 228
Width	  = 1.53908	 +/-  0.295028	(limited)
MP	  = 17.7295	 +/-  0.130709	(limited)
Area	  = 2136.15	 +/-  109.933	(limited)
GSigma	  = 1.84543	 +/-  0.459477	(limited)
****************************************
Minimizer is Minuit2 / Combined
Chi2                      =      7.88286
NDf                       =            7
Edm                       =  2.90245e-07
NCalls                    =          228
Width                     =      1.53908   +/-   0.295028     	 (limited)
MP                        =      17.7295   +/-   0.130709     	 (limited)
Area                      =      2136.15   +/-   109.933      	 (limited)
GSigma                    =      1.84543   +/-   0.459477     	 (limited)
TH1F::Sumw2:0: RuntimeWarning: Sum of squares of weights structure already created
Info in <ROOT::Math::ParameterSettings>: lower/upper bounds outside current parameter value. The value will be set to (low+up)/2 
Minuit2Minimizer: Minimize with max-calls 1000000 convergence for edm < 0.01 strategy 1
Minuit2Minimizer : Valid minimum - status = 0
FVAL  = 3.53144253946632114
Edm   = 5.77789978056435331e-07
Nfcn  = 284
Width	  = 1.26457	 +/-  0.365278	(limited)
MP	  = 18.2827	 +/-  0.116459	(limited)
Area	  = 2021.49	 +/-  125.757	(limited)
GSigma	  = 1.97857	 +/-  0.506508	(limited)
****************************************
Minimizer is Minuit2 / Combined
Chi2                      =      3.53144
NDf                       =            6
Edm                       =   5.7779e-07
NCalls                    =          284
Width                     =      1.26457   +/-   0.365278     	 (limited)
MP                        =      18.2827   +/-   0.116459     	 (limited)
Area                      =      2021.49   +/-   125.757      	 (limited)
GSigma                    =      1.97857   +/-   0.506508     	 (limited)
TH1F::Sumw2:0: RuntimeWarning: Sum of squares of weights structure already created
Info in <ROOT::Math::ParameterSettings>: lower/upper bounds outside current parameter value. The value will be set to (low+up)/2 
Minuit2Minimizer: Minimize with max-calls 1000000 convergence for edm < 0.01 strategy 1
Minuit2Minimizer : Valid minimum - status = 0
FVAL  = 25.9484030116628119
Edm   = 1.00249095657168552e-05
Nfcn  = 227
Width	  = 1.77663	 +/-  0.194435	(limited)
MP	  = 22.7337	 +/-  0.138737	(limited)
Area	  = 2093.52	 +/-  89.5061	(limited)
GSigma	  = 1.04507	 +/-  0.887198	(limited)
****************************************
Minimizer is Minuit2 / Combined
Chi2                      =      25.9484
NDf                       =            7
Edm                       =  1.00249e-05
NCalls                    =          227
Width                     =      1.77663   +/-   0.194435     	 (limited)
MP                        =      22.7337   +/-   0.138737     	 (limited)
Area                      =      2093.52   +/-   89.5061      	 (limited)
GSigma                    =      1.04507   +/-   0.887198     	 (limited)
TH1F::Sumw2:0: RuntimeWarning: Sum of squares of weights structure already created
Info in <ROOT::Math::ParameterSettings>: lower/upper bounds outside current parameter value. The value will be set to (low+up)/2 
Minuit2Minimizer: Minimize with max-calls 1000000 convergence for edm < 0.01 strategy 1
Minuit2Minimizer : Valid minimum - status = 0
FVAL  = 2.88349141547627852
Edm   = 1.71955945377067404e-07
Nfcn  = 178
Width	  = 1.85899	 +/-  0.1199	(limited)
MP	  = 18.661	 +/-  0.127726	(limited)
Area	  = 1900.62	 +/-  74.4223	(limited)
GSigma	  = 1	 +/-  2.89567	(limited)
****************************************
Minimizer is Minuit2 / Combined
Chi2                      =      2.88349
NDf                       =            7
Edm                       =  1.71956e-07
NCalls                    =          178
Width                     =      1.85899   +/-   0.1199       	 (limited)
MP                        =       18.661   +/-   0.127726     	 (limited)
Area                      =      1900.62   +/-   74.4223      	 (limited)
GSigma                    =            1   +/-   2.89567      	 (limited)
TH1F::Sumw2:0: RuntimeWarning: Sum of squares of weights structure already created
Info in <ROOT::Math::ParameterSettings>: lower/upper bounds outside current parameter value. The value will be set to (low+up)/2 
Minuit2Minimizer: Minimize with max-calls 1000000 convergence for edm < 0.01 strategy 1
Minuit2Minimizer : Valid minimum - status = 0
FVAL  = 4.06556755139029047
Edm   = 4.80181638390098868e-07
Nfcn  = 385
Width	  = 1	 +/-  0.217022	(limited)
MP	  = 18.854	 +/-  0.103229	(limited)
Area	  = 2231.53	 +/-  61.0479	(limited)
GSigma	  = 2.31919	 +/-  0.141413	(limited)
****************************************
Minimizer is Minuit2 / Combined
Chi2                      =      4.06557
NDf                       =            6
Edm                       =  4.80182e-07
NCalls                    =          385
Width                     =            1   +/-   0.217022     	 (limited)
MP                        =       18.854   +/-   0.103229     	 (limited)
Area                      =      2231.53   +/-   61.0479      	 (limited)
GSigma                    =      2.31919   +/-   0.141413     	 (limited)
TH1F::Sumw2:0: RuntimeWarning: Sum of squares of weights structure already created
Info in <ROOT::Math::ParameterSettings>: lower/upper bounds outside current parameter value. The value will be set to (low+up)/2 
Minuit2Minimizer: Minimize with max-calls 1000000 convergence for edm < 0.01 strategy 1
Minuit2Minimizer : Valid minimum - status = 0
FVAL  = 7.94845568014304149
Edm   = 8.29440235108492109e-07
Nfcn  = 240
Width	  = 1.3364	 +/-  0.387507	(limited)
MP	  = 18.9984	 +/-  0.132632	(limited)
Area	  = 2177.89	 +/-  148.885	(limited)
GSigma	  = 1.57107	 +/-  0.612598	(limited)
****************************************
Minimizer is Minuit2 / Combined
Chi2                      =      7.94846
NDf                       =            5
Edm                       =   8.2944e-07
NCalls                    =          240
Width                     =       1.3364   +/-   0.387507     	 (limited)
MP                        =      18.9984   +/-   0.132632     	 (limited)
Area                      =      2177.89   +/-   148.885      	 (limited)
GSigma                    =      1.57107   +/-   0.612598     	 (limited)
TH1F::Sumw2:0: RuntimeWarning: Sum of squares of weights structure already created
Info in <ROOT::Math::ParameterSettings>: lower/upper bounds outside current parameter value. The value will be set to (low+up)/2 
Minuit2Minimizer: Minimize with max-calls 1000000 convergence for edm < 0.01 strategy 1
Minuit2Minimizer : Valid minimum - status = 0
FVAL  = 4.65984809853971527
Edm   = 2.65480190358549818e-06
Nfcn  = 387
Width	  = 1.72923	 +/-  0.220884	(limited)
MP	  = 18.4718	 +/-  0.141172	(limited)
Area	  = 2205.26	 +/-  91.6293	(limited)
GSigma	  = 1.19556	 +/-  0.485189	(limited)
****************************************
Minimizer is Minuit2 / Combined
Chi2                      =      4.65985
NDf                       =            7
Edm                       =   2.6548e-06
NCalls                    =          387
Width                     =      1.72923   +/-   0.220884     	 (limited)
MP                        =      18.4718   +/-   0.141172     	 (limited)
Area                      =      2205.26   +/-   91.6293      	 (limited)
GSigma                    =      1.19556   +/-   0.485189     	 (limited)
TH1F::Sumw2:0: RuntimeWarning: Sum of squares of weights structure already created
Info in <ROOT::Math::ParameterSettings>: lower/upper bounds outside current parameter value. The value will be set to (low+up)/2 
Minuit2Minimizer: Minimize with max-calls 1000000 convergence for edm < 0.01 strategy 1
Minuit2Minimizer : Valid minimum - status = 0
FVAL  = 8.1162789334250327
Edm   = 1.12137344461075542e-06
Nfcn  = 334
Width	  = 1	 +/-  0.16982	(limited)
MP	  = 18.8096	 +/-  0.130077	(limited)
Area	  = 2005.43	 +/-  59.6093	(limited)
GSigma	  = 2.74308	 +/-  0.173957	(limited)
****************************************
Minimizer is Minuit2 / Combined
Chi2                      =      8.11628
NDf                       =            7
Edm                       =  1.12137e-06
NCalls                    =          334
Width                     =            1   +/-   0.16982      	 (limited)
MP                        =      18.8096   +/-   0.130077     	 (limited)
Area                      =      2005.43   +/-   59.6093      	 (limited)
GSigma                    =      2.74308   +/-   0.173957     	 (limited)
Info in <TCanvas::Print>: Current canvas added to pdf file /data9/YangMingShanExperiments/YangMingHotspotResort/LowLevelProcessedData/DailyPlots/20260119_Det01_Exp0001_Run000005_001_Mu_TOT_TEST.pdf
Plotting Boards:  50%|█████     | 8/16 [00:02<00:02,  3.25it/s]TH1F::Sumw2:0: RuntimeWarning: Sum of squares of weights structure already created
Info in <ROOT::Math::ParameterSettings>: lower/upper bounds outside current parameter value. The value will be set to (low+up)/2 
Minuit2Minimizer: Minimize with max-calls 1000000 convergence for edm < 0.01 strategy 1
Minuit2:0: RuntimeWarning: DavidonErrorUpdator delgam < 0 : first derivatives increasing along search line (details in info log)
Minuit2:0: RuntimeWarning: VariableMetricBuilder Matrix not pos.def, gdel = 0.0830209 > 0
Minuit2:0: RuntimeWarning: MnPosDef non-positive diagonal element in covariance matrix[ 3 ] = -4.2639
Minuit2:0: RuntimeWarning: MnPosDef Added to diagonal of Error matrix a value 4.7639
Minuit2:0: RuntimeWarning: VariableMetricBuilder gdel = -214277
Minuit2:0: RuntimeWarning: DavidonErrorUpdator delgam < 0 : first derivatives increasing along search line (details in info log)
Minuit2:0: RuntimeWarning: VariableMetricBuilder Matrix not pos.def, gdel = 2.69617 > 0
Minuit2:0: RuntimeWarning: MnPosDef non-positive diagonal element in covariance matrix[ 0 ] = -0.000118061
Minuit2:0: RuntimeWarning: MnPosDef non-positive diagonal element in covariance matrix[ 3 ] = -0.175263
Minuit2:0: RuntimeWarning: MnPosDef Added to diagonal of Error matrix a value 0.675263
Minuit2:0: RuntimeWarning: VariableMetricBuilder gdel = -382.168
Minuit2:0: RuntimeWarning: DavidonErrorUpdator delgam < 0 : first derivatives increasing along search line (details in info log)
Minuit2:0: RuntimeWarning: VariableMetricBuilder Matrix not pos.def, gdel = 4.53465 > 0
Minuit2:0: RuntimeWarning: MnPosDef non-positive diagonal element in covariance matrix[ 0 ] = -0.000356904
Minuit2:0: RuntimeWarning: MnPosDef non-positive diagonal element in covariance matrix[ 1 ] = -3.19669e-05
Minuit2:0: RuntimeWarning: MnPosDef non-positive diagonal element in covariance matrix[ 3 ] = -0.235853
Minuit2:0: RuntimeWarning: MnPosDef Added to diagonal of Error matrix a value 0.735853
Minuit2:0: RuntimeWarning: VariableMetricBuilder gdel = -241.344
Minuit2Minimizer : Valid minimum - status = 0
FVAL  = 12.4980055046582006
Edm   = 2.07398923114000647e-06
Nfcn  = 464
Width	  = 1.6695	 +/-  0.395228	(limited)
MP	  = 18.2291	 +/-  0.135943	(limited)
Area	  = 2357.4	 +/-  137.512	(limited)
GSigma	  = 2.12452	 +/-  0.590374	(limited)
****************************************
Minimizer is Minuit2 / Combined
Chi2                      =       12.498
NDf                       =            8
Edm                       =  2.07399e-06
NCalls                    =          464
Width                     =       1.6695   +/-   0.395228     	 (limited)
MP                        =      18.2291   +/-   0.135943     	 (limited)
Area                      =       2357.4   +/-   137.512      	 (limited)
GSigma                    =      2.12452   +/-   0.590374     	 (limited)
TH1F::Sumw2:0: RuntimeWarning: Sum of squares of weights structure already created
Info in <ROOT::Math::ParameterSettings>: lower/upper bounds outside current parameter value. The value will be set to (low+up)/2 
Minuit2Minimizer: Minimize with max-calls 1000000 convergence for edm < 0.01 strategy 1
Minuit2Minimizer : Valid minimum - status = 0
FVAL  = 2.81722905898187825
Edm   = 6.14595882533474672e-06
Nfcn  = 440
Width	  = 1.03493	 +/-  1.48503	(limited)
MP	  = 19.0341	 +/-  0.176067	(limited)
Area	  = 2225.22	 +/-  162.231	(limited)
GSigma	  = 2.61021	 +/-  0.493479	(limited)
****************************************
Minimizer is Minuit2 / Combined
Chi2                      =      2.81723
NDf                       =            7
Edm                       =  6.14596e-06
NCalls                    =          440
Width                     =      1.03493   +/-   1.48503      	 (limited)
MP                        =      19.0341   +/-   0.176067     	 (limited)
Area                      =      2225.22   +/-   162.231      	 (limited)
GSigma                    =      2.61021   +/-   0.493479     	 (limited)
TH1F::Sumw2:0: RuntimeWarning: Sum of squares of weights structure already created
Info in <ROOT::Math::ParameterSettings>: lower/upper bounds outside current parameter value. The value will be set to (low+up)/2 
Minuit2Minimizer: Minimize with max-calls 1000000 convergence for edm < 0.01 strategy 1
Minuit2Minimizer : Valid minimum - status = 0
FVAL  = 5.83157542317371735
Edm   = 1.46390657095623809e-05
Nfcn  = 393
Width	  = 1.00857	 +/-  3.76362	(limited)
MP	  = 18.8375	 +/-  0.169352	(limited)
Area	  = 2322.58	 +/-  140.981	(limited)
GSigma	  = 2.73425	 +/-  0.3642	(limited)
****************************************
Minimizer is Minuit2 / Combined
Chi2                      =      5.83158
NDf                       =            8
Edm                       =  1.46391e-05
NCalls                    =          393
Width                     =      1.00857   +/-   3.76362      	 (limited)
MP                        =      18.8375   +/-   0.169352     	 (limited)
Area                      =      2322.58   +/-   140.981      	 (limited)
GSigma                    =      2.73425   +/-   0.3642       	 (limited)
TH1F::Sumw2:0: RuntimeWarning: Sum of squares of weights structure already created
Info in <ROOT::Math::ParameterSettings>: lower/upper bounds outside current parameter value. The value will be set to (low+up)/2 
Minuit2Minimizer: Minimize with max-calls 1000000 convergence for edm < 0.01 strategy 1
Minuit2Minimizer : Valid minimum - status = 0
FVAL  = 7.94776367691660823
Edm   = 1.51444083717099146e-06
Nfcn  = 268
Width	  = 1.5667	 +/-  0.224667	(limited)
MP	  = 18.654	 +/-  0.115647	(limited)
Area	  = 2672.36	 +/-  111.927	(limited)
GSigma	  = 1.69406	 +/-  0.368567	(limited)
****************************************
Minimizer is Minuit2 / Combined
Chi2                      =      7.94776
NDf                       =            7
Edm                       =  1.51444e-06
NCalls                    =          268
Width                     =       1.5667   +/-   0.224667     	 (limited)
MP                        =       18.654   +/-   0.115647     	 (limited)
Area                      =      2672.36   +/-   111.927      	 (limited)
GSigma                    =      1.69406   +/-   0.368567     	 (limited)
TH1F::Sumw2:0: RuntimeWarning: Sum of squares of weights structure already created
Info in <ROOT::Math::ParameterSettings>: lower/upper bounds outside current parameter value. The value will be set to (low+up)/2 
Minuit2Minimizer: Minimize with max-calls 1000000 convergence for edm < 0.01 strategy 1
Minuit2Minimizer : Valid minimum - status = 0
FVAL  = 4.13475320648832145
Edm   = 1.82465889258797918e-06
Nfcn  = 359
Width	  = 1	 +/-  0.844615	(limited)
MP	  = 18.938	 +/-  0.143618	(limited)
Area	  = 1771.41	 +/-  58.2866	(limited)
GSigma	  = 2.87786	 +/-  0.203277	(limited)
****************************************
Minimizer is Minuit2 / Combined
Chi2                      =      4.13475
NDf                       =            7
Edm                       =  1.82466e-06
NCalls                    =          359
Width                     =            1   +/-   0.844615     	 (limited)
MP                        =       18.938   +/-   0.143618     	 (limited)
Area                      =      1771.41   +/-   58.2866      	 (limited)
GSigma                    =      2.87786   +/-   0.203277     	 (limited)
TH1F::Sumw2:0: RuntimeWarning: Sum of squares of weights structure already created
Info in <ROOT::Math::ParameterSettings>: lower/upper bounds outside current parameter value. The value will be set to (low+up)/2 
Minuit2Minimizer: Minimize with max-calls 1000000 convergence for edm < 0.01 strategy 1
Minuit2Minimizer : Valid minimum - status = 0
FVAL  = 5.88474479161127118
Edm   = 4.55133262978136549e-07
Nfcn  = 183
Width	  = 1.97356	 +/-  0.265261	(limited)
MP	  = 19.7475	 +/-  0.173621	(limited)
Area	  = 2209.28	 +/-  93.2259	(limited)
GSigma	  = 1.10487	 +/-  2.29678	(limited)
****************************************
Minimizer is Minuit2 / Combined
Chi2                      =      5.88474
NDf                       =            8
Edm                       =  4.55133e-07
NCalls                    =          183
Width                     =      1.97356   +/-   0.265261     	 (limited)
MP                        =      19.7475   +/-   0.173621     	 (limited)
Area                      =      2209.28   +/-   93.2259      	 (limited)
GSigma                    =      1.10487   +/-   2.29678      	 (limited)
TH1F::Sumw2:0: RuntimeWarning: Sum of squares of weights structure already created
Info in <ROOT::Math::ParameterSettings>: lower/upper bounds outside current parameter value. The value will be set to (low+up)/2 
Minuit2Minimizer: Minimize with max-calls 1000000 convergence for edm < 0.01 strategy 1
Minuit2Minimizer : Valid minimum - status = 0
FVAL  = 12.1991929854300896
Edm   = 4.54564560575850222e-06
Nfcn  = 196
Width	  = 1.81981	 +/-  0.107976	(limited)
MP	  = 19.634	 +/-  0.115615	(limited)
Area	  = 2190.38	 +/-  78.3504	(limited)
GSigma	  = 1	 +/-  0.818087	(limited)
****************************************
Minimizer is Minuit2 / Combined
Chi2                      =      12.1992
NDf                       =            7
Edm                       =  4.54565e-06
NCalls                    =          196
Width                     =      1.81981   +/-   0.107976     	 (limited)
MP                        =       19.634   +/-   0.115615     	 (limited)
Area                      =      2190.38   +/-   78.3504      	 (limited)
GSigma                    =            1   +/-   0.818087     	 (limited)
TH1F::Sumw2:0: RuntimeWarning: Sum of squares of weights structure already created
Info in <ROOT::Math::ParameterSettings>: lower/upper bounds outside current parameter value. The value will be set to (low+up)/2 
Minuit2Minimizer: Minimize with max-calls 1000000 convergence for edm < 0.01 strategy 1
Minuit2Minimizer : Valid minimum - status = 0
FVAL  = 23.3318866999097629
Edm   = 8.84792813290807782e-08
Nfcn  = 267
Width	  = 2.18462	 +/-  0.215037	(limited)
MP	  = 18.0452	 +/-  0.142089	(limited)
Area	  = 2542.48	 +/-  92.4334	(limited)
GSigma	  = 1.60584	 +/-  0.386059	(limited)
****************************************
Minimizer is Minuit2 / Combined
Chi2                      =      23.3319
NDf                       =           11
Edm                       =  8.84793e-08
NCalls                    =          267
Width                     =      2.18462   +/-   0.215037     	 (limited)
MP                        =      18.0452   +/-   0.142089     	 (limited)
Area                      =      2542.48   +/-   92.4334      	 (limited)
GSigma                    =      1.60584   +/-   0.386059     	 (limited)
TH1F::Sumw2:0: RuntimeWarning: Sum of squares of weights structure already created
Info in <ROOT::Math::ParameterSettings>: lower/upper bounds outside current parameter value. The value will be set to (low+up)/2 
Minuit2Minimizer: Minimize with max-calls 1000000 convergence for edm < 0.01 strategy 1
Minuit2Minimizer : Valid minimum - status = 0
FVAL  = 10.4172159079744073
Edm   = 9.39135771900672357e-08
Nfcn  = 192
Width	  = 2.45737	 +/-  0.166931	(limited)
MP	  = 18.1632	 +/-  0.170361	(limited)
Area	  = 2008.4	 +/-  86.1457	(limited)
GSigma	  = 1	 +/-  0.70261	(limited)
****************************************
Minimizer is Minuit2 / Combined
Chi2                      =      10.4172
NDf                       =            9
Edm                       =  9.39136e-08
NCalls                    =          192
Width                     =      2.45737   +/-   0.166931     	 (limited)
MP                        =      18.1632   +/-   0.170361     	 (limited)
Area                      =       2008.4   +/-   86.1457      	 (limited)
GSigma                    =            1   +/-   0.70261      	 (limited)
TH1F::Sumw2:0: RuntimeWarning: Sum of squares of weights structure already created
Info in <ROOT::Math::ParameterSettings>: lower/upper bounds outside current parameter value. The value will be set to (low+up)/2 
Minuit2Minimizer: Minimize with max-calls 1000000 convergence for edm < 0.01 strategy 1
Minuit2Minimizer : Valid minimum - status = 0
FVAL  = 10.5766215451983232
Edm   = 1.24770297188951706e-07
Nfcn  = 221
Width	  = 2.01413	 +/-  0.142975	(limited)
MP	  = 18.582	 +/-  0.142243	(limited)
Area	  = 1983.39	 +/-  85.4817	(limited)
GSigma	  = 1	 +/-  0.409177	(limited)
****************************************
Minimizer is Minuit2 / Combined
Chi2                      =      10.5766
NDf                       =            7
Edm                       =   1.2477e-07
NCalls                    =          221
Width                     =      2.01413   +/-   0.142975     	 (limited)
MP                        =       18.582   +/-   0.142243     	 (limited)
Area                      =      1983.39   +/-   85.4817      	 (limited)
GSigma                    =            1   +/-   0.409177     	 (limited)
TH1F::Sumw2:0: RuntimeWarning: Sum of squares of weights structure already created
Info in <ROOT::Math::ParameterSettings>: lower/upper bounds outside current parameter value. The value will be set to (low+up)/2 
Minuit2Minimizer: Minimize with max-calls 1000000 convergence for edm < 0.01 strategy 1
Minuit2Minimizer : Valid minimum - status = 0
FVAL  = 7.42523359600779909
Edm   = 3.97482257434491127e-07
Nfcn  = 160
Width	  = 2.27256	 +/-  0.339361	(limited)
MP	  = 17.6581	 +/-  0.20915	(limited)
Area	  = 2183.79	 +/-  113.513	(limited)
GSigma	  = 1.48747	 +/-  0.691813	(limited)
****************************************
Minimizer is Minuit2 / Combined
Chi2                      =      7.42523
NDf                       =            9
Edm                       =  3.97482e-07
NCalls                    =          160
Width                     =      2.27256   +/-   0.339361     	 (limited)
MP                        =      17.6581   +/-   0.20915      	 (limited)
Area                      =      2183.79   +/-   113.513      	 (limited)
GSigma                    =      1.48747   +/-   0.691813     	 (limited)
TH1F::Sumw2:0: RuntimeWarning: Sum of squares of weights structure already created
Info in <ROOT::Math::ParameterSettings>: lower/upper bounds outside current parameter value. The value will be set to (low+up)/2 
Minuit2Minimizer: Minimize with max-calls 1000000 convergence for edm < 0.01 strategy 1
Minuit2Minimizer : Valid minimum - status = 0
FVAL  = 5.40589270300791824
Edm   = 5.47852280087872368e-06
Nfcn  = 304
Width	  = 1.88325	 +/-  0.230157	(limited)
MP	  = 17.9097	 +/-  0.149279	(limited)
Area	  = 2052.29	 +/-  86.541	(limited)
GSigma	  = 1.23755	 +/-  0.505306	(limited)
****************************************
Minimizer is Minuit2 / Combined
Chi2                      =      5.40589
NDf                       =            8
Edm                       =  5.47852e-06
NCalls                    =          304
Width                     =      1.88325   +/-   0.230157     	 (limited)
MP                        =      17.9097   +/-   0.149279     	 (limited)
Area                      =      2052.29   +/-   86.541       	 (limited)
GSigma                    =      1.23755   +/-   0.505306     	 (limited)
TH1F::Sumw2:0: RuntimeWarning: Sum of squares of weights structure already created
Info in <ROOT::Math::ParameterSettings>: lower/upper bounds outside current parameter value. The value will be set to (low+up)/2 
Minuit2Minimizer: Minimize with max-calls 1000000 convergence for edm < 0.01 strategy 1
Minuit2Minimizer : Valid minimum - status = 0
FVAL  = 14.1745575573367031
Edm   = 3.49303862692857246e-07
Nfcn  = 177
Width	  = 2.17143	 +/-  0.36165	(limited)
MP	  = 17.3341	 +/-  0.219349	(limited)
Area	  = 1940.53	 +/-  106.573	(limited)
GSigma	  = 1.82565	 +/-  0.645213	(limited)
****************************************
Minimizer is Minuit2 / Combined
Chi2                      =      14.1746
NDf                       =            9
Edm                       =  3.49304e-07
NCalls                    =          177
Width                     =      2.17143   +/-   0.36165      	 (limited)
MP                        =      17.3341   +/-   0.219349     	 (limited)
Area                      =      1940.53   +/-   106.573      	 (limited)
GSigma                    =      1.82565   +/-   0.645213     	 (limited)
TH1F::Sumw2:0: RuntimeWarning: Sum of squares of weights structure already created
Info in <ROOT::Math::ParameterSettings>: lower/upper bounds outside current parameter value. The value will be set to (low+up)/2 
Minuit2Minimizer: Minimize with max-calls 1000000 convergence for edm < 0.01 strategy 1
Minuit2Minimizer : Valid minimum - status = 0
FVAL  = 6.26892473801904604
Edm   = 1.36312206059184003e-06
Nfcn  = 458
Width	  = 1	 +/-  1.07211	(limited)
MP	  = 18.0547	 +/-  0.161517	(limited)
Area	  = 1593.87	 +/-  58.4677	(limited)
GSigma	  = 3.04352	 +/-  0.239446	(limited)
****************************************
Minimizer is Minuit2 / Combined
Chi2                      =      6.26892
NDf                       =            7
Edm                       =  1.36312e-06
NCalls                    =          458
Width                     =            1   +/-   1.07211      	 (limited)
MP                        =      18.0547   +/-   0.161517     	 (limited)
Area                      =      1593.87   +/-   58.4677      	 (limited)
GSigma                    =      3.04352   +/-   0.239446     	 (limited)
TH1F::Sumw2:0: RuntimeWarning: Sum of squares of weights structure already created
Info in <ROOT::Math::ParameterSettings>: lower/upper bounds outside current parameter value. The value will be set to (low+up)/2 
Minuit2Minimizer: Minimize with max-calls 1000000 convergence for edm < 0.01 strategy 1
Minuit2Minimizer : Valid minimum - status = 0
FVAL  = 4.71773346782860159
Edm   = 3.59968410671367118e-06
Nfcn  = 184
Width	  = 1.64293	 +/-  0.303699	(limited)
MP	  = 18.68	 +/-  0.153115	(limited)
Area	  = 1626.54	 +/-  79.631	(limited)
GSigma	  = 1.76585	 +/-  0.553754	(limited)
****************************************
Minimizer is Minuit2 / Combined
Chi2                      =      4.71773
NDf                       =            8
Edm                       =  3.59968e-06
NCalls                    =          184
Width                     =      1.64293   +/-   0.303699     	 (limited)
MP                        =        18.68   +/-   0.153115     	 (limited)
Area                      =      1626.54   +/-   79.631       	 (limited)
GSigma                    =      1.76585   +/-   0.553754     	 (limited)
TH1F::Sumw2:0: RuntimeWarning: Sum of squares of weights structure already created
Info in <ROOT::Math::ParameterSettings>: lower/upper bounds outside current parameter value. The value will be set to (low+up)/2 
Minuit2Minimizer: Minimize with max-calls 1000000 convergence for edm < 0.01 strategy 1
Minuit2:0: RuntimeWarning: DavidonErrorUpdator delgam < 0 : first derivatives increasing along search line (details in info log)
Minuit2:0: RuntimeWarning: VariableMetricBuilder Matrix not pos.def, gdel = 0.234394 > 0
Minuit2:0: RuntimeWarning: MnPosDef non-positive diagonal element in covariance matrix[ 0 ] = -0.00197581
Minuit2:0: RuntimeWarning: MnPosDef non-positive diagonal element in covariance matrix[ 1 ] = -0.00418759
Minuit2:0: RuntimeWarning: MnPosDef non-positive diagonal element in covariance matrix[ 2 ] = -0.000734217
Minuit2:0: RuntimeWarning: MnPosDef non-positive diagonal element in covariance matrix[ 3 ] = -74.8278
Minuit2:0: RuntimeWarning: MnPosDef Added to diagonal of Error matrix a value 75.3278
Minuit2:0: RuntimeWarning: VariableMetricBuilder gdel = -1.80695e+06
Minuit2Minimizer : Valid minimum - status = 0
FVAL  = 10.32476768184031
Edm   = 2.80949673116873834e-07
Nfcn  = 344
Width	  = 2.27923	 +/-  0.355685	(limited)
MP	  = 17.732	 +/-  0.232215	(limited)
Area	  = 1732.78	 +/-  99.1335	(limited)
GSigma	  = 1.5774	 +/-  0.69235	(limited)
****************************************
Minimizer is Minuit2 / Combined
Chi2                      =      10.3248
NDf                       =            9
Edm                       =   2.8095e-07
NCalls                    =          344
Width                     =      2.27923   +/-   0.355685     	 (limited)
MP                        =       17.732   +/-   0.232215     	 (limited)
Area                      =      1732.78   +/-   99.1335      	 (limited)
GSigma                    =       1.5774   +/-   0.69235      	 (limited)
Info in <TCanvas::Print>: Current canvas added to pdf file /data9/YangMingShanExperiments/YangMingHotspotResort/LowLevelProcessedData/DailyPlots/20260119_Det01_Exp0001_Run000005_001_Mu_TOT_TEST.pdf
Plotting Boards:  56%|█████▋    | 9/16 [00:02<00:02,  3.20it/s]TH1F::Sumw2:0: RuntimeWarning: Sum of squares of weights structure already created
Info in <ROOT::Math::ParameterSettings>: lower/upper bounds outside current parameter value. The value will be set to (low+up)/2 
Minuit2Minimizer: Minimize with max-calls 1000000 convergence for edm < 0.01 strategy 1
Minuit2Minimizer : Valid minimum - status = 0
FVAL  = 13.7167222030760989
Edm   = 6.88654849483960785e-06
Nfcn  = 244
Width	  = 1.48613	 +/-  0.292783	(limited)
MP	  = 19.1107	 +/-  0.116835	(limited)
Area	  = 2407.21	 +/-  115.278	(limited)
GSigma	  = 2.22544	 +/-  0.407774	(limited)
****************************************
Minimizer is Minuit2 / Combined
Chi2                      =      13.7167
NDf                       =            8
Edm                       =  6.88655e-06
NCalls                    =          244
Width                     =      1.48613   +/-   0.292783     	 (limited)
MP                        =      19.1107   +/-   0.116835     	 (limited)
Area                      =      2407.21   +/-   115.278      	 (limited)
GSigma                    =      2.22544   +/-   0.407774     	 (limited)
TH1F::Sumw2:0: RuntimeWarning: Sum of squares of weights structure already created
Info in <ROOT::Math::ParameterSettings>: lower/upper bounds outside current parameter value. The value will be set to (low+up)/2 
Minuit2Minimizer: Minimize with max-calls 1000000 convergence for edm < 0.01 strategy 1
Minuit2Minimizer : Valid minimum - status = 0
FVAL  = 8.28176120617759359
Edm   = 6.41704270963567404e-06
Nfcn  = 531
Width	  = 1.00001	 +/-  2.04718	(limited)
MP	  = 19.3275	 +/-  0.0965332	(limited)
Area	  = 2332.8	 +/-  58.9311	(limited)
GSigma	  = 2.34093	 +/-  0.126084	(limited)
****************************************
Minimizer is Minuit2 / Combined
Chi2                      =      8.28176
NDf                       =            7
Edm                       =  6.41704e-06
NCalls                    =          531
Width                     =      1.00001   +/-   2.04718      	 (limited)
MP                        =      19.3275   +/-   0.0965332    	 (limited)
Area                      =       2332.8   +/-   58.9311      	 (limited)
GSigma                    =      2.34093   +/-   0.126084     	 (limited)
TH1F::Sumw2:0: RuntimeWarning: Sum of squares of weights structure already created
Info in <ROOT::Math::ParameterSettings>: lower/upper bounds outside current parameter value. The value will be set to (low+up)/2 
Minuit2Minimizer: Minimize with max-calls 1000000 convergence for edm < 0.01 strategy 1
Minuit2Minimizer : Valid minimum - status = 0
FVAL  = 8.32492610425969026
Edm   = 6.92996363774099295e-07
Nfcn  = 255
Width	  = 1.4615	 +/-  0.308653	(limited)
MP	  = 19.1875	 +/-  0.101748	(limited)
Area	  = 2644.09	 +/-  127.664	(limited)
GSigma	  = 2.07991	 +/-  0.445267	(limited)
****************************************
Minimizer is Minuit2 / Combined
Chi2                      =      8.32493
NDf                       =            8
Edm                       =  6.92996e-07
NCalls                    =          255
Width                     =       1.4615   +/-   0.308653     	 (limited)
MP                        =      19.1875   +/-   0.101748     	 (limited)
Area                      =      2644.09   +/-   127.664      	 (limited)
GSigma                    =      2.07991   +/-   0.445267     	 (limited)
TH1F::Sumw2:0: RuntimeWarning: Sum of squares of weights structure already created
Info in <ROOT::Math::ParameterSettings>: lower/upper bounds outside current parameter value. The value will be set to (low+up)/2 
Minuit2Minimizer: Minimize with max-calls 1000000 convergence for edm < 0.01 strategy 1
Minuit2Minimizer : Valid minimum - status = 0
FVAL  = 26.7762893303432143
Edm   = 8.04292424359574713e-07
Nfcn  = 172
Width	  = 1.4347	 +/-  0.181551	(limited)
MP	  = 18.8822	 +/-  0.0957794	(limited)
Area	  = 2662.8	 +/-  94.1359	(limited)
GSigma	  = 1.84575	 +/-  0.271611	(limited)
****************************************
Minimizer is Minuit2 / Combined
Chi2                      =      26.7763
NDf                       =            8
Edm                       =  8.04292e-07
NCalls                    =          172
Width                     =       1.4347   +/-   0.181551     	 (limited)
MP                        =      18.8822   +/-   0.0957794    	 (limited)
Area                      =       2662.8   +/-   94.1359      	 (limited)
GSigma                    =      1.84575   +/-   0.271611     	 (limited)
TH1F::Sumw2:0: RuntimeWarning: Sum of squares of weights structure already created
Info in <ROOT::Math::ParameterSettings>: lower/upper bounds outside current parameter value. The value will be set to (low+up)/2 
Minuit2Minimizer: Minimize with max-calls 1000000 convergence for edm < 0.01 strategy 1
Minuit2:0: RuntimeWarning: MnPosDef non-positive diagonal element in covariance matrix[ 0 ] = -90.0799
Minuit2:0: RuntimeWarning: MnPosDef Added to diagonal of Error matrix a value 90.5799
Minuit2:0: RuntimeWarning: MnPosDef Matrix forced pos-def by adding to diagonal 0.45426
Minuit2:0: RuntimeWarning: DavidonErrorUpdator delgam < 0 : first derivatives increasing along search line (details in info log)
Minuit2:0: RuntimeWarning: VariableMetricBuilder Matrix not pos.def, gdel = 0.00418762 > 0
Minuit2:0: RuntimeWarning: MnPosDef non-positive diagonal element in covariance matrix[ 0 ] = -0.012357
Minuit2:0: RuntimeWarning: MnPosDef Added to diagonal of Error matrix a value 0.512357
Minuit2:0: RuntimeWarning: VariableMetricBuilder gdel = -10.8312
Minuit2Minimizer : Valid minimum - status = 0
FVAL  = 5.56812222262164269
Edm   = 2.96950284702816271e-08
Nfcn  = 471
Width	  = 1.14247	 +/-  0.37182	(limited)
MP	  = 18.9645	 +/-  0.125582	(limited)
Area	  = 2015.13	 +/-  125.641	(limited)
GSigma	  = 2.23506	 +/-  0.458482	(limited)
****************************************
Minimizer is Minuit2 / Combined
Chi2                      =      5.56812
NDf                       =            7
Edm                       =   2.9695e-08
NCalls                    =          471
Width                     =      1.14247   +/-   0.37182      	 (limited)
MP                        =      18.9645   +/-   0.125582     	 (limited)
Area                      =      2015.13   +/-   125.641      	 (limited)
GSigma                    =      2.23506   +/-   0.458482     	 (limited)
TH1F::Sumw2:0: RuntimeWarning: Sum of squares of weights structure already created
Info in <ROOT::Math::ParameterSettings>: lower/upper bounds outside current parameter value. The value will be set to (low+up)/2 
Minuit2Minimizer: Minimize with max-calls 1000000 convergence for edm < 0.01 strategy 1
Minuit2Minimizer : Valid minimum - status = 0
FVAL  = 5.98607658952487665
Edm   = 5.86991117007808456e-06
Nfcn  = 160
Width	  = 1.69367	 +/-  0.34656	(limited)
MP	  = 19.4049	 +/-  0.130309	(limited)
Area	  = 2391.32	 +/-  132.261	(limited)
GSigma	  = 1.97287	 +/-  0.513196	(limited)
****************************************
Minimizer is Minuit2 / Combined
Chi2                      =      5.98608
NDf                       =            8
Edm                       =  5.86991e-06
NCalls                    =          160
Width                     =      1.69367   +/-   0.34656      	 (limited)
MP                        =      19.4049   +/-   0.130309     	 (limited)
Area                      =      2391.32   +/-   132.261      	 (limited)
GSigma                    =      1.97287   +/-   0.513196     	 (limited)
TH1F::Sumw2:0: RuntimeWarning: Sum of squares of weights structure already created
Info in <ROOT::Math::ParameterSettings>: lower/upper bounds outside current parameter value. The value will be set to (low+up)/2 
Minuit2Minimizer: Minimize with max-calls 1000000 convergence for edm < 0.01 strategy 1
Minuit2Minimizer : Valid minimum - status = 0
FVAL  = 4.35853632725027218
Edm   = 8.68323520418693546e-06
Nfcn  = 293
Width	  = 1.5754	 +/-  0.276312	(limited)
MP	  = 19.0541	 +/-  0.117177	(limited)
Area	  = 2426.18	 +/-  122.975	(limited)
GSigma	  = 1.69938	 +/-  0.419279	(limited)
****************************************
Minimizer is Minuit2 / Combined
Chi2                      =      4.35854
NDf                       =            7
Edm                       =  8.68324e-06
NCalls                    =          293
Width                     =       1.5754   +/-   0.276312     	 (limited)
MP                        =      19.0541   +/-   0.117177     	 (limited)
Area                      =      2426.18   +/-   122.975      	 (limited)
GSigma                    =      1.69938   +/-   0.419279     	 (limited)
TH1F::Sumw2:0: RuntimeWarning: Sum of squares of weights structure already created
Info in <ROOT::Math::ParameterSettings>: lower/upper bounds outside current parameter value. The value will be set to (low+up)/2 
Minuit2Minimizer: Minimize with max-calls 1000000 convergence for edm < 0.01 strategy 1
Minuit2Minimizer : Valid minimum - status = 0
FVAL  = 3.37240449238730822
Edm   = 2.90343000951000333e-07
Nfcn  = 248
Width	  = 1.28438	 +/-  0.285981	(limited)
MP	  = 19.1732	 +/-  0.0999784	(limited)
Area	  = 2270.11	 +/-  121.856	(limited)
GSigma	  = 2.02769	 +/-  0.356456	(limited)
****************************************
Minimizer is Minuit2 / Combined
Chi2                      =       3.3724
NDf                       =            7
Edm                       =  2.90343e-07
NCalls                    =          248
Width                     =      1.28438   +/-   0.285981     	 (limited)
MP                        =      19.1732   +/-   0.0999784    	 (limited)
Area                      =      2270.11   +/-   121.856      	 (limited)
GSigma                    =      2.02769   +/-   0.356456     	 (limited)
TH1F::Sumw2:0: RuntimeWarning: Sum of squares of weights structure already created
Info in <ROOT::Math::ParameterSettings>: lower/upper bounds outside current parameter value. The value will be set to (low+up)/2 
Minuit2Minimizer: Minimize with max-calls 1000000 convergence for edm < 0.01 strategy 1
Minuit2Minimizer : Valid minimum - status = 0
FVAL  = 7.12281951479533326
Edm   = 8.38457959098912815e-08
Nfcn  = 250
Width	  = 1.22486	 +/-  0.342769	(limited)
MP	  = 19.3688	 +/-  0.115637	(limited)
Area	  = 1805.94	 +/-  112.904	(limited)
GSigma	  = 1.95102	 +/-  0.45317	(limited)
****************************************
Minimizer is Minuit2 / Combined
Chi2                      =      7.12282
NDf                       =            6
Edm                       =  8.38458e-08
NCalls                    =          250
Width                     =      1.22486   +/-   0.342769     	 (limited)
MP                        =      19.3688   +/-   0.115637     	 (limited)
Area                      =      1805.94   +/-   112.904      	 (limited)
GSigma                    =      1.95102   +/-   0.45317      	 (limited)
TH1F::Sumw2:0: RuntimeWarning: Sum of squares of weights structure already created
Info in <ROOT::Math::ParameterSettings>: lower/upper bounds outside current parameter value. The value will be set to (low+up)/2 
Minuit2Minimizer: Minimize with max-calls 1000000 convergence for edm < 0.01 strategy 1
Minuit2Minimizer : Valid minimum - status = 0
FVAL  = 5.48197800036792326
Edm   = 3.97451689130496663e-08
Nfcn  = 187
Width	  = 1.6293	 +/-  0.217699	(limited)
MP	  = 19.0257	 +/-  0.118167	(limited)
Area	  = 2030.38	 +/-  92.6837	(limited)
GSigma	  = 1.20646	 +/-  0.38939	(limited)
****************************************
Minimizer is Minuit2 / Combined
Chi2                      =      5.48198
NDf                       =            7
Edm                       =  3.97452e-08
NCalls                    =          187
Width                     =       1.6293   +/-   0.217699     	 (limited)
MP                        =      19.0257   +/-   0.118167     	 (limited)
Area                      =      2030.38   +/-   92.6837      	 (limited)
GSigma                    =      1.20646   +/-   0.38939      	 (limited)
TH1F::Sumw2:0: RuntimeWarning: Sum of squares of weights structure already created
Info in <ROOT::Math::ParameterSettings>: lower/upper bounds outside current parameter value. The value will be set to (low+up)/2 
Minuit2Minimizer: Minimize with max-calls 1000000 convergence for edm < 0.01 strategy 1
Minuit2Minimizer : Valid minimum - status = 0
FVAL  = 6.9949275187818829
Edm   = 3.81919772817112185e-07
Nfcn  = 204
Width	  = 1.26157	 +/-  0.302494	(limited)
MP	  = 19.0733	 +/-  0.106585	(limited)
Area	  = 2027.45	 +/-  112.688	(limited)
GSigma	  = 2.06525	 +/-  0.3853	(limited)
****************************************
Minimizer is Minuit2 / Combined
Chi2                      =      6.99493
NDf                       =            7
Edm                       =   3.8192e-07
NCalls                    =          204
Width                     =      1.26157   +/-   0.302494     	 (limited)
MP                        =      19.0733   +/-   0.106585     	 (limited)
Area                      =      2027.45   +/-   112.688      	 (limited)
GSigma                    =      2.06525   +/-   0.3853       	 (limited)
TH1F::Sumw2:0: RuntimeWarning: Sum of squares of weights structure already created
Info in <ROOT::Math::ParameterSettings>: lower/upper bounds outside current parameter value. The value will be set to (low+up)/2 
Minuit2Minimizer: Minimize with max-calls 1000000 convergence for edm < 0.01 strategy 1
Minuit2Minimizer : Valid minimum - status = 0
FVAL  = 7.17512168308684473
Edm   = 5.00434237281258376e-06
Nfcn  = 192
Width	  = 1.61229	 +/-  0.295827	(limited)
MP	  = 19.1781	 +/-  0.117871	(limited)
Area	  = 2046.53	 +/-  101.707	(limited)
GSigma	  = 1.70668	 +/-  0.473613	(limited)
****************************************
Minimizer is Minuit2 / Combined
Chi2                      =      7.17512
NDf                       =            8
Edm                       =  5.00434e-06
NCalls                    =          192
Width                     =      1.61229   +/-   0.295827     	 (limited)
MP                        =      19.1781   +/-   0.117871     	 (limited)
Area                      =      2046.53   +/-   101.707      	 (limited)
GSigma                    =      1.70668   +/-   0.473613     	 (limited)
TH1F::Sumw2:0: RuntimeWarning: Sum of squares of weights structure already created
Info in <ROOT::Math::ParameterSettings>: lower/upper bounds outside current parameter value. The value will be set to (low+up)/2 
Minuit2Minimizer: Minimize with max-calls 1000000 convergence for edm < 0.01 strategy 1
Minuit2Minimizer : Valid minimum - status = 0
FVAL  = 9.30182065277488768
Edm   = 1.71952346414639673e-06
Nfcn  = 301
Width	  = 1.96269	 +/-  0.275481	(limited)
MP	  = 19.0027	 +/-  0.174557	(limited)
Area	  = 1905.44	 +/-  91.7726	(limited)
GSigma	  = 1.2981	 +/-  0.57332	(limited)
****************************************
Minimizer is Minuit2 / Combined
Chi2                      =      9.30182
NDf                       =            8
Edm                       =  1.71952e-06
NCalls                    =          301
Width                     =      1.96269   +/-   0.275481     	 (limited)
MP                        =      19.0027   +/-   0.174557     	 (limited)
Area                      =      1905.44   +/-   91.7726      	 (limited)
GSigma                    =       1.2981   +/-   0.57332      	 (limited)
TH1F::Sumw2:0: RuntimeWarning: Sum of squares of weights structure already created
Info in <ROOT::Math::ParameterSettings>: lower/upper bounds outside current parameter value. The value will be set to (low+up)/2 
Minuit2Minimizer: Minimize with max-calls 1000000 convergence for edm < 0.01 strategy 1
Minuit2Minimizer : Valid minimum - status = 0
FVAL  = 2.74481031524414343
Edm   = 9.32047260714142846e-07
Nfcn  = 189
Width	  = 1.25299	 +/-  0.279297	(limited)
MP	  = 18.9565	 +/-  0.113886	(limited)
Area	  = 1731.6	 +/-  97.618	(limited)
GSigma	  = 1.39318	 +/-  0.467212	(limited)
****************************************
Minimizer is Minuit2 / Combined
Chi2                      =      2.74481
NDf                       =            5
Edm                       =  9.32047e-07
NCalls                    =          189
Width                     =      1.25299   +/-   0.279297     	 (limited)
MP                        =      18.9565   +/-   0.113886     	 (limited)
Area                      =       1731.6   +/-   97.618       	 (limited)
GSigma                    =      1.39318   +/-   0.467212     	 (limited)
TH1F::Sumw2:0: RuntimeWarning: Sum of squares of weights structure already created
Info in <ROOT::Math::ParameterSettings>: lower/upper bounds outside current parameter value. The value will be set to (low+up)/2 
Minuit2Minimizer: Minimize with max-calls 1000000 convergence for edm < 0.01 strategy 1
Minuit2Minimizer : Valid minimum - status = 0
FVAL  = 8.40060523369806944
Edm   = 1.80815237990931544e-07
Nfcn  = 282
Width	  = 1.98608	 +/-  0.248839	(limited)
MP	  = 19.0666	 +/-  0.165489	(limited)
Area	  = 2124.22	 +/-  94.5747	(limited)
GSigma	  = 1.24464	 +/-  0.54783	(limited)
****************************************
Minimizer is Minuit2 / Combined
Chi2                      =      8.40061
NDf                       =            8
Edm                       =  1.80815e-07
NCalls                    =          282
Width                     =      1.98608   +/-   0.248839     	 (limited)
MP                        =      19.0666   +/-   0.165489     	 (limited)
Area                      =      2124.22   +/-   94.5747      	 (limited)
GSigma                    =      1.24464   +/-   0.54783      	 (limited)
TH1F::Sumw2:0: RuntimeWarning: Sum of squares of weights structure already created
Info in <ROOT::Math::ParameterSettings>: lower/upper bounds outside current parameter value. The value will be set to (low+up)/2 
Minuit2Minimizer: Minimize with max-calls 1000000 convergence for edm < 0.01 strategy 1
Minuit2Minimizer : Valid minimum - status = 0
FVAL  = 3.04180266082770911
Edm   = 1.50533174404387384e-07
Nfcn  = 219
Width	  = 1.79004	 +/-  0.117075	(limited)
MP	  = 19.1477	 +/-  0.133898	(limited)
Area	  = 1680.26	 +/-  68.0333	(limited)
GSigma	  = 1	 +/-  0.559166	(limited)
****************************************
Minimizer is Minuit2 / Combined
Chi2                      =       3.0418
NDf                       =            7
Edm                       =  1.50533e-07
NCalls                    =          219
Width                     =      1.79004   +/-   0.117075     	 (limited)
MP                        =      19.1477   +/-   0.133898     	 (limited)
Area                      =      1680.26   +/-   68.0333      	 (limited)
GSigma                    =            1   +/-   0.559166     	 (limited)
Info in <TCanvas::Print>: Current canvas added to pdf file /data9/YangMingShanExperiments/YangMingHotspotResort/LowLevelProcessedData/DailyPlots/20260119_Det01_Exp0001_Run000005_001_Mu_TOT_TEST.pdf
Plotting Boards:  62%|██████▎   | 10/16 [00:03<00:01,  3.23it/s]TH1F::Sumw2:0: RuntimeWarning: Sum of squares of weights structure already created
Info in <ROOT::Math::ParameterSettings>: lower/upper bounds outside current parameter value. The value will be set to (low+up)/2 
Minuit2Minimizer: Minimize with max-calls 1000000 convergence for edm < 0.01 strategy 1
Minuit2Minimizer : Valid minimum - status = 0
FVAL  = 6.59559882553118548
Edm   = 6.53514560424645287e-06
Nfcn  = 185
Width	  = 1.9399	 +/-  0.308715	(limited)
MP	  = 17.7613	 +/-  0.20807	(limited)
Area	  = 1710.85	 +/-  94.1393	(limited)
GSigma	  = 1.24277	 +/-  0.664097	(limited)
****************************************
Minimizer is Minuit2 / Combined
Chi2                      =       6.5956
NDf                       =            7
Edm                       =  6.53515e-06
NCalls                    =          185
Width                     =       1.9399   +/-   0.308715     	 (limited)
MP                        =      17.7613   +/-   0.20807      	 (limited)
Area                      =      1710.85   +/-   94.1393      	 (limited)
GSigma                    =      1.24277   +/-   0.664097     	 (limited)
TH1F::Sumw2:0: RuntimeWarning: Sum of squares of weights structure already created
Info in <ROOT::Math::ParameterSettings>: lower/upper bounds outside current parameter value. The value will be set to (low+up)/2 
Minuit2Minimizer: Minimize with max-calls 1000000 convergence for edm < 0.01 strategy 1
Minuit2Minimizer : Valid minimum - status = 0
FVAL  = 11.4944810159221298
Edm   = 1.58737981222207353e-08
Nfcn  = 255
Width	  = 1.99147	 +/-  0.135522	(limited)
MP	  = 19.5552	 +/-  0.13917	(limited)
Area	  = 1995.1	 +/-  83.167	(limited)
GSigma	  = 1	 +/-  0.415727	(limited)
****************************************
Minimizer is Minuit2 / Combined
Chi2                      =      11.4945
NDf                       =            7
Edm                       =  1.58738e-08
NCalls                    =          255
Width                     =      1.99147   +/-   0.135522     	 (limited)
MP                        =      19.5552   +/-   0.13917      	 (limited)
Area                      =       1995.1   +/-   83.167       	 (limited)
GSigma                    =            1   +/-   0.415727     	 (limited)
TH1F::Sumw2:0: RuntimeWarning: Sum of squares of weights structure already created
Info in <ROOT::Math::ParameterSettings>: lower/upper bounds outside current parameter value. The value will be set to (low+up)/2 
Minuit2Minimizer: Minimize with max-calls 1000000 convergence for edm < 0.01 strategy 1
Minuit2Minimizer : Valid minimum - status = 0
FVAL  = 5.6651469133672947
Edm   = 6.49396227633619918e-06
Nfcn  = 318
Width	  = 1.75295	 +/-  0.358265	(limited)
MP	  = 16.0764	 +/-  0.170359	(limited)
Area	  = 1810.87	 +/-  104.555	(limited)
GSigma	  = 2.05208	 +/-  0.547389	(limited)
****************************************
Minimizer is Minuit2 / Combined
Chi2                      =      5.66515
NDf                       =            8
Edm                       =  6.49396e-06
NCalls                    =          318
Width                     =      1.75295   +/-   0.358265     	 (limited)
MP                        =      16.0764   +/-   0.170359     	 (limited)
Area                      =      1810.87   +/-   104.555      	 (limited)
GSigma                    =      2.05208   +/-   0.547389     	 (limited)
TH1F::Sumw2:0: RuntimeWarning: Sum of squares of weights structure already created
Info in <ROOT::Math::ParameterSettings>: lower/upper bounds outside current parameter value. The value will be set to (low+up)/2 
Minuit2Minimizer: Minimize with max-calls 1000000 convergence for edm < 0.01 strategy 1
Minuit2Minimizer : Valid minimum - status = 0
FVAL  = 9.64290486849064443
Edm   = 1.31822039834549015e-07
Nfcn  = 295
Width	  = 2.02894	 +/-  0.41738	(limited)
MP	  = 18.0648	 +/-  0.225186	(limited)
Area	  = 2019.46	 +/-  121.518	(limited)
GSigma	  = 1.79759	 +/-  0.767073	(limited)
****************************************
Minimizer is Minuit2 / Combined
Chi2                      =       9.6429
NDf                       =            8
Edm                       =  1.31822e-07
NCalls                    =          295
Width                     =      2.02894   +/-   0.41738      	 (limited)
MP                        =      18.0648   +/-   0.225186     	 (limited)
Area                      =      2019.46   +/-   121.518      	 (limited)
GSigma                    =      1.79759   +/-   0.767073     	 (limited)
TH1F::Sumw2:0: RuntimeWarning: Sum of squares of weights structure already created
Info in <ROOT::Math::ParameterSettings>: lower/upper bounds outside current parameter value. The value will be set to (low+up)/2 
Minuit2Minimizer: Minimize with max-calls 1000000 convergence for edm < 0.01 strategy 1
Minuit2Minimizer : Valid minimum - status = 0
FVAL  = 7.92848651164832141
Edm   = 1.92311449921781752e-06
Nfcn  = 255
Width	  = 1.65941	 +/-  0.264369	(limited)
MP	  = 18.261	 +/-  0.157975	(limited)
Area	  = 2153.48	 +/-  107.516	(limited)
GSigma	  = 1.25254	 +/-  0.523445	(limited)
****************************************
Minimizer is Minuit2 / Combined
Chi2                      =      7.92849
NDf                       =            6
Edm                       =  1.92311e-06
NCalls                    =          255
Width                     =      1.65941   +/-   0.264369     	 (limited)
MP                        =       18.261   +/-   0.157975     	 (limited)
Area                      =      2153.48   +/-   107.516      	 (limited)
GSigma                    =      1.25254   +/-   0.523445     	 (limited)
TH1F::Sumw2:0: RuntimeWarning: Sum of squares of weights structure already created
Info in <ROOT::Math::ParameterSettings>: lower/upper bounds outside current parameter value. The value will be set to (low+up)/2 
Minuit2Minimizer: Minimize with max-calls 1000000 convergence for edm < 0.01 strategy 1
Minuit2Minimizer : Valid minimum - status = 0
FVAL  = 3.4536903615254424
Edm   = 2.79394973370746198e-08
Nfcn  = 237
Width	  = 1.39678	 +/-  0.240461	(limited)
MP	  = 18.2023	 +/-  0.112005	(limited)
Area	  = 2115.76	 +/-  96.5864	(limited)
GSigma	  = 1.4508	 +/-  0.433724	(limited)
****************************************
Minimizer is Minuit2 / Combined
Chi2                      =      3.45369
NDf                       =            6
Edm                       =  2.79395e-08
NCalls                    =          237
Width                     =      1.39678   +/-   0.240461     	 (limited)
MP                        =      18.2023   +/-   0.112005     	 (limited)
Area                      =      2115.76   +/-   96.5864      	 (limited)
GSigma                    =       1.4508   +/-   0.433724     	 (limited)
TH1F::Sumw2:0: RuntimeWarning: Sum of squares of weights structure already created
Info in <ROOT::Math::ParameterSettings>: lower/upper bounds outside current parameter value. The value will be set to (low+up)/2 
Minuit2Minimizer: Minimize with max-calls 1000000 convergence for edm < 0.01 strategy 1
Minuit2:0: RuntimeWarning: DavidonErrorUpdator delgam < 0 : first derivatives increasing along search line (details in info log)
Minuit2:0: RuntimeWarning: VariableMetricBuilder Matrix not pos.def, gdel = 1.94836 > 0
Minuit2:0: RuntimeWarning: MnPosDef non-positive diagonal element in covariance matrix[ 0 ] = -4.04102e-05
Minuit2:0: RuntimeWarning: MnPosDef non-positive diagonal element in covariance matrix[ 3 ] = -0.221869
Minuit2:0: RuntimeWarning: MnPosDef Added to diagonal of Error matrix a value 0.721869
Minuit2:0: RuntimeWarning: VariableMetricBuilder gdel = -6943.51
Minuit2Minimizer : Valid minimum - status = 0
FVAL  = 3.26321503735699325
Edm   = 8.82093182811381047e-07
Nfcn  = 281
Width	  = 1.41875	 +/-  0.357348	(limited)
MP	  = 17.3997	 +/-  0.11754	(limited)
Area	  = 2160.81	 +/-  125.752	(limited)
GSigma	  = 2.29889	 +/-  0.44286	(limited)
****************************************
Minimizer is Minuit2 / Combined
Chi2                      =      3.26322
NDf                       =            8
Edm                       =  8.82093e-07
NCalls                    =          281
Width                     =      1.41875   +/-   0.357348     	 (limited)
MP                        =      17.3997   +/-   0.11754      	 (limited)
Area                      =      2160.81   +/-   125.752      	 (limited)
GSigma                    =      2.29889   +/-   0.44286      	 (limited)
TH1F::Sumw2:0: RuntimeWarning: Sum of squares of weights structure already created
Info in <ROOT::Math::ParameterSettings>: lower/upper bounds outside current parameter value. The value will be set to (low+up)/2 
Minuit2Minimizer: Minimize with max-calls 1000000 convergence for edm < 0.01 strategy 1
Minuit2Minimizer : Valid minimum - status = 0
FVAL  = 2.6137992892115447
Edm   = 1.30548529082287904e-05
Nfcn  = 182
Width	  = 1.36284	 +/-  0.429974	(limited)
MP	  = 18.0215	 +/-  0.140855	(limited)
Area	  = 2047.09	 +/-  133.617	(limited)
GSigma	  = 2.66292	 +/-  0.483719	(limited)
****************************************
Minimizer is Minuit2 / Combined
Chi2                      =       2.6138
NDf                       =            9
Edm                       =  1.30549e-05
NCalls                    =          182
Width                     =      1.36284   +/-   0.429974     	 (limited)
MP                        =      18.0215   +/-   0.140855     	 (limited)
Area                      =      2047.09   +/-   133.617      	 (limited)
GSigma                    =      2.66292   +/-   0.483719     	 (limited)
TH1F::Sumw2:0: RuntimeWarning: Sum of squares of weights structure already created
Info in <ROOT::Math::ParameterSettings>: lower/upper bounds outside current parameter value. The value will be set to (low+up)/2 
Minuit2Minimizer: Minimize with max-calls 1000000 convergence for edm < 0.01 strategy 1
Minuit2Minimizer : Valid minimum - status = 0
FVAL  = 7.64669906993816362
Edm   = 1.07132149855466504e-07
Nfcn  = 304
Width	  = 1.57172	 +/-  0.290713	(limited)
MP	  = 18.6331	 +/-  0.112942	(limited)
Area	  = 2507.69	 +/-  128.927	(limited)
GSigma	  = 2.04673	 +/-  0.374907	(limited)
****************************************
Minimizer is Minuit2 / Combined
Chi2                      =       7.6467
NDf                       =            8
Edm                       =  1.07132e-07
NCalls                    =          304
Width                     =      1.57172   +/-   0.290713     	 (limited)
MP                        =      18.6331   +/-   0.112942     	 (limited)
Area                      =      2507.69   +/-   128.927      	 (limited)
GSigma                    =      2.04673   +/-   0.374907     	 (limited)
TH1F::Sumw2:0: RuntimeWarning: Sum of squares of weights structure already created
Info in <ROOT::Math::ParameterSettings>: lower/upper bounds outside current parameter value. The value will be set to (low+up)/2 
Minuit2Minimizer: Minimize with max-calls 1000000 convergence for edm < 0.01 strategy 1
Minuit2Minimizer : Valid minimum - status = 0
FVAL  = 14.6073343982326325
Edm   = 3.55085198532424261e-08
Nfcn  = 267
Width	  = 1.78912	 +/-  0.293212	(limited)
MP	  = 17.5952	 +/-  0.137845	(limited)
Area	  = 2597.31	 +/-  133.641	(limited)
GSigma	  = 1.93255	 +/-  0.411405	(limited)
****************************************
Minimizer is Minuit2 / Combined
Chi2                      =      14.6073
NDf                       =            8
Edm                       =  3.55085e-08
NCalls                    =          267
Width                     =      1.78912   +/-   0.293212     	 (limited)
MP                        =      17.5952   +/-   0.137845     	 (limited)
Area                      =      2597.31   +/-   133.641      	 (limited)
GSigma                    =      1.93255   +/-   0.411405     	 (limited)
TH1F::Sumw2:0: RuntimeWarning: Sum of squares of weights structure already created
Info in <ROOT::Math::ParameterSettings>: lower/upper bounds outside current parameter value. The value will be set to (low+up)/2 
Minuit2Minimizer: Minimize with max-calls 1000000 convergence for edm < 0.01 strategy 1
Minuit2Minimizer : Valid minimum - status = 0
FVAL  = 10.4662979014827524
Edm   = 3.55985341731701352e-07
Nfcn  = 227
Width	  = 1.7433	 +/-  0.283336	(limited)
MP	  = 18.7006	 +/-  0.144724	(limited)
Area	  = 2566.92	 +/-  122.3	(limited)
GSigma	  = 1.56337	 +/-  0.518947	(limited)
****************************************
Minimizer is Minuit2 / Combined
Chi2                      =      10.4663
NDf                       =            7
Edm                       =  3.55985e-07
NCalls                    =          227
Width                     =       1.7433   +/-   0.283336     	 (limited)
MP                        =      18.7006   +/-   0.144724     	 (limited)
Area                      =      2566.92   +/-   122.3        	 (limited)
GSigma                    =      1.56337   +/-   0.518947     	 (limited)
TH1F::Sumw2:0: RuntimeWarning: Sum of squares of weights structure already created
Info in <ROOT::Math::ParameterSettings>: lower/upper bounds outside current parameter value. The value will be set to (low+up)/2 
Minuit2Minimizer: Minimize with max-calls 1000000 convergence for edm < 0.01 strategy 1
Minuit2Minimizer : Valid minimum - status = 0
FVAL  = 1.77756791717210594
Edm   = 1.54762351542995866e-07
Nfcn  = 286
Width	  = 1.20682	 +/-  0.406614	(limited)
MP	  = 18.9578	 +/-  0.147741	(limited)
Area	  = 2128.29	 +/-  123.635	(limited)
GSigma	  = 2.59187	 +/-  0.515323	(limited)
****************************************
Minimizer is Minuit2 / Combined
Chi2                      =      1.77757
NDf                       =            8
Edm                       =  1.54762e-07
NCalls                    =          286
Width                     =      1.20682   +/-   0.406614     	 (limited)
MP                        =      18.9578   +/-   0.147741     	 (limited)
Area                      =      2128.29   +/-   123.635      	 (limited)
GSigma                    =      2.59187   +/-   0.515323     	 (limited)
TH1F::Sumw2:0: RuntimeWarning: Sum of squares of weights structure already created
Info in <ROOT::Math::ParameterSettings>: lower/upper bounds outside current parameter value. The value will be set to (low+up)/2 
Minuit2Minimizer: Minimize with max-calls 1000000 convergence for edm < 0.01 strategy 1
Minuit2:0: RuntimeWarning: DavidonErrorUpdator delgam < 0 : first derivatives increasing along search line (details in info log)
Minuit2:0: RuntimeWarning: VariableMetricBuilder Matrix not pos.def, gdel = 1.44698 > 0
Minuit2:0: RuntimeWarning: MnPosDef non-positive diagonal element in covariance matrix[ 0 ] = -0.00169429
Minuit2:0: RuntimeWarning: MnPosDef non-positive diagonal element in covariance matrix[ 1 ] = -0.00457722
Minuit2:0: RuntimeWarning: MnPosDef non-positive diagonal element in covariance matrix[ 2 ] = -0.000330083
Minuit2:0: RuntimeWarning: MnPosDef non-positive diagonal element in covariance matrix[ 3 ] = -2.0576
Minuit2:0: RuntimeWarning: MnPosDef Added to diagonal of Error matrix a value 2.5576
Minuit2:0: RuntimeWarning: VariableMetricBuilder gdel = -716306
Minuit2Minimizer : Valid minimum - status = 0
FVAL  = 13.8782327677353639
Edm   = 1.09565929139313372e-08
Nfcn  = 353
Width	  = 1.55532	 +/-  0.352232	(limited)
MP	  = 18.3355	 +/-  0.112727	(limited)
Area	  = 2820.88	 +/-  153.282	(limited)
GSigma	  = 2.26334	 +/-  0.47113	(limited)
****************************************
Minimizer is Minuit2 / Combined
Chi2                      =      13.8782
NDf                       =            8
Edm                       =  1.09566e-08
NCalls                    =          353
Width                     =      1.55532   +/-   0.352232     	 (limited)
MP                        =      18.3355   +/-   0.112727     	 (limited)
Area                      =      2820.88   +/-   153.282      	 (limited)
GSigma                    =      2.26334   +/-   0.47113      	 (limited)
TH1F::Sumw2:0: RuntimeWarning: Sum of squares of weights structure already created
Info in <ROOT::Math::ParameterSettings>: lower/upper bounds outside current parameter value. The value will be set to (low+up)/2 
Minuit2Minimizer: Minimize with max-calls 1000000 convergence for edm < 0.01 strategy 1
Minuit2Minimizer : Valid minimum - status = 0
FVAL  = 2.78121150115257176
Edm   = 1.55756584057944983e-06
Nfcn  = 277
Width	  = 1.34298	 +/-  0.380897	(limited)
MP	  = 18.4008	 +/-  0.110966	(limited)
Area	  = 3085.52	 +/-  177.655	(limited)
GSigma	  = 2.56447	 +/-  0.449396	(limited)
****************************************
Minimizer is Minuit2 / Combined
Chi2                      =      2.78121
NDf                       =            8
Edm                       =  1.55757e-06
NCalls                    =          277
Width                     =      1.34298   +/-   0.380897     	 (limited)
MP                        =      18.4008   +/-   0.110966     	 (limited)
Area                      =      3085.52   +/-   177.655      	 (limited)
GSigma                    =      2.56447   +/-   0.449396     	 (limited)
TH1F::Sumw2:0: RuntimeWarning: Sum of squares of weights structure already created
Info in <ROOT::Math::ParameterSettings>: lower/upper bounds outside current parameter value. The value will be set to (low+up)/2 
Minuit2Minimizer: Minimize with max-calls 1000000 convergence for edm < 0.01 strategy 1
Minuit2Minimizer : Valid minimum - status = 0
FVAL  = 12.4279522905577213
Edm   = 1.37441046270964921e-08
Nfcn  = 198
Width	  = 1.40699	 +/-  0.268861	(limited)
MP	  = 18.4451	 +/-  0.108354	(limited)
Area	  = 2768.58	 +/-  115.417	(limited)
GSigma	  = 2.44429	 +/-  0.360665	(limited)
****************************************
Minimizer is Minuit2 / Combined
Chi2                      =       12.428
NDf                       =            9
Edm                       =  1.37441e-08
NCalls                    =          198
Width                     =      1.40699   +/-   0.268861     	 (limited)
MP                        =      18.4451   +/-   0.108354     	 (limited)
Area                      =      2768.58   +/-   115.417      	 (limited)
GSigma                    =      2.44429   +/-   0.360665     	 (limited)
TH1F::Sumw2:0: RuntimeWarning: Sum of squares of weights structure already created
Info in <ROOT::Math::ParameterSettings>: lower/upper bounds outside current parameter value. The value will be set to (low+up)/2 
Minuit2Minimizer: Minimize with max-calls 1000000 convergence for edm < 0.01 strategy 1
Minuit2Minimizer : Valid minimum - status = 0
FVAL  = 7.09530613841221047
Edm   = 2.37254696953518312e-06
Nfcn  = 271
Width	  = 1.64205	 +/-  0.297221	(limited)
MP	  = 18.607	 +/-  0.113133	(limited)
Area	  = 2738.57	 +/-  125.566	(limited)
GSigma	  = 2.25305	 +/-  0.410213	(limited)
****************************************
Minimizer is Minuit2 / Combined
Chi2                      =      7.09531
NDf                       =            9
Edm                       =  2.37255e-06
NCalls                    =          271
Width                     =      1.64205   +/-   0.297221     	 (limited)
MP                        =       18.607   +/-   0.113133     	 (limited)
Area                      =      2738.57   +/-   125.566      	 (limited)
GSigma                    =      2.25305   +/-   0.410213     	 (limited)
Info in <TCanvas::Print>: Current canvas added to pdf file /data9/YangMingShanExperiments/YangMingHotspotResort/LowLevelProcessedData/DailyPlots/20260119_Det01_Exp0001_Run000005_001_Mu_TOT_TEST.pdf
Plotting Boards:  69%|██████▉   | 11/16 [00:03<00:01,  3.24it/s]TH1F::Sumw2:0: RuntimeWarning: Sum of squares of weights structure already created
Info in <ROOT::Math::ParameterSettings>: lower/upper bounds outside current parameter value. The value will be set to (low+up)/2 
Minuit2Minimizer: Minimize with max-calls 1000000 convergence for edm < 0.01 strategy 1
Minuit2Minimizer : Valid minimum - status = 0
FVAL  = 9.79388629763718299
Edm   = 4.16963645862828814e-06
Nfcn  = 370
Width	  = 1	 +/-  0.170064	(limited)
MP	  = 18.7547	 +/-  0.133131	(limited)
Area	  = 1449.04	 +/-  48.3116	(limited)
GSigma	  = 2.5687	 +/-  0.172716	(limited)
****************************************
Minimizer is Minuit2 / Combined
Chi2                      =      9.79389
NDf                       =            7
Edm                       =  4.16964e-06
NCalls                    =          370
Width                     =            1   +/-   0.170064     	 (limited)
MP                        =      18.7547   +/-   0.133131     	 (limited)
Area                      =      1449.04   +/-   48.3116      	 (limited)
GSigma                    =       2.5687   +/-   0.172716     	 (limited)
TH1F::Sumw2:0: RuntimeWarning: Sum of squares of weights structure already created
Info in <ROOT::Math::ParameterSettings>: lower/upper bounds outside current parameter value. The value will be set to (low+up)/2 
Minuit2Minimizer: Minimize with max-calls 1000000 convergence for edm < 0.01 strategy 1
Minuit2Minimizer : Valid minimum - status = 0
FVAL  = 3.27597056945024878
Edm   = 3.78965434254530761e-06
Nfcn  = 407
Width	  = 1	 +/-  1.5826	(limited)
MP	  = 17.2577	 +/-  0.139363	(limited)
Area	  = 1589.2	 +/-  50.6338	(limited)
GSigma	  = 2.82705	 +/-  0.193823	(limited)
****************************************
Minimizer is Minuit2 / Combined
Chi2                      =      3.27597
NDf                       =            8
Edm                       =  3.78965e-06
NCalls                    =          407
Width                     =            1   +/-   1.5826       	 (limited)
MP                        =      17.2577   +/-   0.139363     	 (limited)
Area                      =       1589.2   +/-   50.6338      	 (limited)
GSigma                    =      2.82705   +/-   0.193823     	 (limited)
TH1F::Sumw2:0: RuntimeWarning: Sum of squares of weights structure already created
Info in <ROOT::Math::ParameterSettings>: lower/upper bounds outside current parameter value. The value will be set to (low+up)/2 
Minuit2Minimizer: Minimize with max-calls 1000000 convergence for edm < 0.01 strategy 1
Minuit2Minimizer : Valid minimum - status = 0
FVAL  = 3.06578880819981325
Edm   = 4.28596976846294151e-09
Nfcn  = 198
Width	  = 1.83971	 +/-  0.290148	(limited)
MP	  = 19.2294	 +/-  0.15896	(limited)
Area	  = 1737.78	 +/-  90.8228	(limited)
GSigma	  = 1.46578	 +/-  0.509915	(limited)
****************************************
Minimizer is Minuit2 / Combined
Chi2                      =      3.06579
NDf                       =            8
Edm                       =  4.28597e-09
NCalls                    =          198
Width                     =      1.83971   +/-   0.290148     	 (limited)
MP                        =      19.2294   +/-   0.15896      	 (limited)
Area                      =      1737.78   +/-   90.8228      	 (limited)
GSigma                    =      1.46578   +/-   0.509915     	 (limited)
TH1F::Sumw2:0: RuntimeWarning: Sum of squares of weights structure already created
Info in <ROOT::Math::ParameterSettings>: lower/upper bounds outside current parameter value. The value will be set to (low+up)/2 
Minuit2Minimizer: Minimize with max-calls 1000000 convergence for edm < 0.01 strategy 1
Minuit2Minimizer : Valid minimum - status = 0
FVAL  = 15.918198087635588
Edm   = 7.81027913736075432e-06
Nfcn  = 312
Width	  = 1.55366	 +/-  0.348379	(limited)
MP	  = 17.822	 +/-  0.136413	(limited)
Area	  = 1701.07	 +/-  96.5198	(limited)
GSigma	  = 2.3209	 +/-  0.456857	(limited)
****************************************
Minimizer is Minuit2 / Combined
Chi2                      =      15.9182
NDf                       =            9
Edm                       =  7.81028e-06
NCalls                    =          312
Width                     =      1.55366   +/-   0.348379     	 (limited)
MP                        =       17.822   +/-   0.136413     	 (limited)
Area                      =      1701.07   +/-   96.5198      	 (limited)
GSigma                    =       2.3209   +/-   0.456857     	 (limited)
TH1F::Sumw2:0: RuntimeWarning: Sum of squares of weights structure already created
Info in <ROOT::Math::ParameterSettings>: lower/upper bounds outside current parameter value. The value will be set to (low+up)/2 
Minuit2Minimizer: Minimize with max-calls 1000000 convergence for edm < 0.01 strategy 1
Minuit2Minimizer : Valid minimum - status = 0
FVAL  = 12.9021748958198117
Edm   = 2.83774040941968926e-07
Nfcn  = 257
Width	  = 1.78146	 +/-  0.202508	(limited)
MP	  = 18.4399	 +/-  0.121323	(limited)
Area	  = 2079.65	 +/-  82.1066	(limited)
GSigma	  = 1.43981	 +/-  0.341985	(limited)
****************************************
Minimizer is Minuit2 / Combined
Chi2                      =      12.9022
NDf                       =            9
Edm                       =  2.83774e-07
NCalls                    =          257
Width                     =      1.78146   +/-   0.202508     	 (limited)
MP                        =      18.4399   +/-   0.121323     	 (limited)
Area                      =      2079.65   +/-   82.1066      	 (limited)
GSigma                    =      1.43981   +/-   0.341985     	 (limited)
TH1F::Sumw2:0: RuntimeWarning: Sum of squares of weights structure already created
Info in <ROOT::Math::ParameterSettings>: lower/upper bounds outside current parameter value. The value will be set to (low+up)/2 
Minuit2Minimizer: Minimize with max-calls 1000000 convergence for edm < 0.01 strategy 1
Minuit2Minimizer : Valid minimum - status = 0
FVAL  = 6.84091134972385451
Edm   = 4.51450376875706857e-06
Nfcn  = 246
Width	  = 1.42242	 +/-  0.320217	(limited)
MP	  = 17.6821	 +/-  0.137361	(limited)
Area	  = 2056.6	 +/-  94.9926	(limited)
GSigma	  = 2.68587	 +/-  0.421672	(limited)
****************************************
Minimizer is Minuit2 / Combined
Chi2                      =      6.84091
NDf                       =           10
Edm                       =   4.5145e-06
NCalls                    =          246
Width                     =      1.42242   +/-   0.320217     	 (limited)
MP                        =      17.6821   +/-   0.137361     	 (limited)
Area                      =       2056.6   +/-   94.9926      	 (limited)
GSigma                    =      2.68587   +/-   0.421672     	 (limited)
TH1F::Sumw2:0: RuntimeWarning: Sum of squares of weights structure already created
Info in <ROOT::Math::ParameterSettings>: lower/upper bounds outside current parameter value. The value will be set to (low+up)/2 
Minuit2Minimizer: Minimize with max-calls 1000000 convergence for edm < 0.01 strategy 1
Minuit2Minimizer : Valid minimum - status = 0
FVAL  = 5.3889642811604368
Edm   = 1.79892926708761478e-06
Nfcn  = 289
Width	  = 1.2367	 +/-  0.419098	(limited)
MP	  = 17.8854	 +/-  0.134459	(limited)
Area	  = 1841.53	 +/-  127.514	(limited)
GSigma	  = 2.41802	 +/-  0.496248	(limited)
****************************************
Minimizer is Minuit2 / Combined
Chi2                      =      5.38896
NDf                       =            7
Edm                       =  1.79893e-06
NCalls                    =          289
Width                     =       1.2367   +/-   0.419098     	 (limited)
MP                        =      17.8854   +/-   0.134459     	 (limited)
Area                      =      1841.53   +/-   127.514      	 (limited)
GSigma                    =      2.41802   +/-   0.496248     	 (limited)
TH1F::Sumw2:0: RuntimeWarning: Sum of squares of weights structure already created
Info in <ROOT::Math::ParameterSettings>: lower/upper bounds outside current parameter value. The value will be set to (low+up)/2 
Minuit2Minimizer: Minimize with max-calls 1000000 convergence for edm < 0.01 strategy 1
Minuit2Minimizer : Valid minimum - status = 0
FVAL  = 8.87752216257538684
Edm   = 4.07597637204020473e-08
Nfcn  = 221
Width	  = 1.49599	 +/-  0.361462	(limited)
MP	  = 18.3609	 +/-  0.134754	(limited)
Area	  = 1763.23	 +/-  107.019	(limited)
GSigma	  = 2.24434	 +/-  0.462176	(limited)
****************************************
Minimizer is Minuit2 / Combined
Chi2                      =      8.87752
NDf                       =            8
Edm                       =  4.07598e-08
NCalls                    =          221
Width                     =      1.49599   +/-   0.361462     	 (limited)
MP                        =      18.3609   +/-   0.134754     	 (limited)
Area                      =      1763.23   +/-   107.019      	 (limited)
GSigma                    =      2.24434   +/-   0.462176     	 (limited)
TH1F::Sumw2:0: RuntimeWarning: Sum of squares of weights structure already created
Info in <ROOT::Math::ParameterSettings>: lower/upper bounds outside current parameter value. The value will be set to (low+up)/2 
Minuit2Minimizer: Minimize with max-calls 1000000 convergence for edm < 0.01 strategy 1
Minuit2Minimizer : Valid minimum - status = 0
FVAL  = 10.3278769978152791
Edm   = 9.09899125711299122e-06
Nfcn  = 194
Width	  = 1.27906	 +/-  0.457069	(limited)
MP	  = 18.6079	 +/-  0.13688	(limited)
Area	  = 2200.53	 +/-  156.632	(limited)
GSigma	  = 2.61967	 +/-  0.510594	(limited)
****************************************
Minimizer is Minuit2 / Combined
Chi2                      =      10.3279
NDf                       =            8
Edm                       =  9.09899e-06
NCalls                    =          194
Width                     =      1.27906   +/-   0.457069     	 (limited)
MP                        =      18.6079   +/-   0.13688      	 (limited)
Area                      =      2200.53   +/-   156.632      	 (limited)
GSigma                    =      2.61967   +/-   0.510594     	 (limited)
TH1F::Sumw2:0: RuntimeWarning: Sum of squares of weights structure already created
Info in <ROOT::Math::ParameterSettings>: lower/upper bounds outside current parameter value. The value will be set to (low+up)/2 
Minuit2Minimizer: Minimize with max-calls 1000000 convergence for edm < 0.01 strategy 1
Minuit2Minimizer : Valid minimum - status = 0
FVAL  = 13.586817698352732
Edm   = 7.53616978183830069e-08
Nfcn  = 291
Width	  = 1.7214	 +/-  0.1947	(limited)
MP	  = 18.1885	 +/-  0.113561	(limited)
Area	  = 2416.48	 +/-  87.0796	(limited)
GSigma	  = 1.63593	 +/-  0.338282	(limited)
****************************************
Minimizer is Minuit2 / Combined
Chi2                      =      13.5868
NDf                       =            9
Edm                       =  7.53617e-08
NCalls                    =          291
Width                     =       1.7214   +/-   0.1947       	 (limited)
MP                        =      18.1885   +/-   0.113561     	 (limited)
Area                      =      2416.48   +/-   87.0796      	 (limited)
GSigma                    =      1.63593   +/-   0.338282     	 (limited)
TH1F::Sumw2:0: RuntimeWarning: Sum of squares of weights structure already created
Info in <ROOT::Math::ParameterSettings>: lower/upper bounds outside current parameter value. The value will be set to (low+up)/2 
Minuit2Minimizer: Minimize with max-calls 1000000 convergence for edm < 0.01 strategy 1
Minuit2Minimizer : Valid minimum - status = 0
FVAL  = 6.99272355641447074
Edm   = 2.79018854146349201e-06
Nfcn  = 270
Width	  = 1.14534	 +/-  0.419914	(limited)
MP	  = 18.0004	 +/-  0.163026	(limited)
Area	  = 2132.95	 +/-  126.665	(limited)
GSigma	  = 2.66745	 +/-  0.522714	(limited)
****************************************
Minimizer is Minuit2 / Combined
Chi2                      =      6.99272
NDf                       =            8
Edm                       =  2.79019e-06
NCalls                    =          270
Width                     =      1.14534   +/-   0.419914     	 (limited)
MP                        =      18.0004   +/-   0.163026     	 (limited)
Area                      =      2132.95   +/-   126.665      	 (limited)
GSigma                    =      2.66745   +/-   0.522714     	 (limited)
TH1F::Sumw2:0: RuntimeWarning: Sum of squares of weights structure already created
Info in <ROOT::Math::ParameterSettings>: lower/upper bounds outside current parameter value. The value will be set to (low+up)/2 
Minuit2Minimizer: Minimize with max-calls 1000000 convergence for edm < 0.01 strategy 1
Minuit2Minimizer : Valid minimum - status = 0
FVAL  = 13.7566124747710958
Edm   = 1.01984733759109439e-08
Nfcn  = 219
Width	  = 1.73333	 +/-  0.304288	(limited)
MP	  = 18.191	 +/-  0.13822	(limited)
Area	  = 2226.57	 +/-  99.5949	(limited)
GSigma	  = 2.11339	 +/-  0.511659	(limited)
****************************************
Minimizer is Minuit2 / Combined
Chi2                      =      13.7566
NDf                       =            9
Edm                       =  1.01985e-08
NCalls                    =          219
Width                     =      1.73333   +/-   0.304288     	 (limited)
MP                        =       18.191   +/-   0.13822      	 (limited)
Area                      =      2226.57   +/-   99.5949      	 (limited)
GSigma                    =      2.11339   +/-   0.511659     	 (limited)
TH1F::Sumw2:0: RuntimeWarning: Sum of squares of weights structure already created
Info in <ROOT::Math::ParameterSettings>: lower/upper bounds outside current parameter value. The value will be set to (low+up)/2 
Minuit2Minimizer: Minimize with max-calls 1000000 convergence for edm < 0.01 strategy 1
Minuit2Minimizer : Valid minimum - status = 0
FVAL  = 8.13148984997312319
Edm   = 1.58424439536043855e-08
Nfcn  = 272
Width	  = 1.37183	 +/-  0.316187	(limited)
MP	  = 18.5511	 +/-  0.108575	(limited)
Area	  = 2569.94	 +/-  148.065	(limited)
GSigma	  = 1.87624	 +/-  0.432181	(limited)
****************************************
Minimizer is Minuit2 / Combined
Chi2                      =      8.13149
NDf                       =            6
Edm                       =  1.58424e-08
NCalls                    =          272
Width                     =      1.37183   +/-   0.316187     	 (limited)
MP                        =      18.5511   +/-   0.108575     	 (limited)
Area                      =      2569.94   +/-   148.065      	 (limited)
GSigma                    =      1.87624   +/-   0.432181     	 (limited)
TH1F::Sumw2:0: RuntimeWarning: Sum of squares of weights structure already created
Info in <ROOT::Math::ParameterSettings>: lower/upper bounds outside current parameter value. The value will be set to (low+up)/2 
Minuit2Minimizer: Minimize with max-calls 1000000 convergence for edm < 0.01 strategy 1
Minuit2Minimizer : Valid minimum - status = 0
FVAL  = 13.5841658479935692
Edm   = 1.26530492360602521e-05
Nfcn  = 413
Width	  = 1.00003	 +/-  6.45234	(limited)
MP	  = 17.9409	 +/-  0.1276	(limited)
Area	  = 2429.17	 +/-  71.372	(limited)
GSigma	  = 2.95515	 +/-  0.18704	(limited)
****************************************
Minimizer is Minuit2 / Combined
Chi2                      =      13.5842
NDf                       =            7
Edm                       =   1.2653e-05
NCalls                    =          413
Width                     =      1.00003   +/-   6.45234      	 (limited)
MP                        =      17.9409   +/-   0.1276       	 (limited)
Area                      =      2429.17   +/-   71.372       	 (limited)
GSigma                    =      2.95515   +/-   0.18704      	 (limited)
TH1F::Sumw2:0: RuntimeWarning: Sum of squares of weights structure already created
Info in <ROOT::Math::ParameterSettings>: lower/upper bounds outside current parameter value. The value will be set to (low+up)/2 
Info in <ROOT::Math::ParameterSettings>: lower/upper bounds outside current parameter value. The value will be set to (low+up)/2 
Minuit2Minimizer: Minimize with max-calls 1000000 convergence for edm < 0.01 strategy 1
Minuit2Minimizer : Valid minimum - status = 0
FVAL  = 56.3618424884376594
Edm   = 1.37973165167390787e-07
Nfcn  = 179
Width	  = 2.76834	 +/-  0.144153	(limited)
MP	  = 15	 +/-  0.0134365	(limited)
Area	  = 2884.68	 +/-  106.062	(limited)
GSigma	  = 1	 +/-  0.0809209	(limited)
****************************************
Minimizer is Minuit2 / Combined
Chi2                      =      56.3618
NDf                       =            8
Edm                       =  1.37973e-07
NCalls                    =          179
Width                     =      2.76834   +/-   0.144153     	 (limited)
MP                        =           15   +/-   0.0134365    	 (limited)
Area                      =      2884.68   +/-   106.062      	 (limited)
GSigma                    =            1   +/-   0.0809209    	 (limited)
TH1F::Sumw2:0: RuntimeWarning: Sum of squares of weights structure already created
Info in <ROOT::Math::ParameterSettings>: lower/upper bounds outside current parameter value. The value will be set to (low+up)/2 
Minuit2Minimizer: Minimize with max-calls 1000000 convergence for edm < 0.01 strategy 1
Minuit2Minimizer : Valid minimum - status = 0
FVAL  = 11.8528826289168698
Edm   = 4.55443486828464439e-06
Nfcn  = 369
Width	  = 1	 +/-  3.2517	(limited)
MP	  = 18.1234	 +/-  0.130318	(limited)
Area	  = 2225.44	 +/-  63.0822	(limited)
GSigma	  = 3.02934	 +/-  0.182635	(limited)
****************************************
Minimizer is Minuit2 / Combined
Chi2                      =      11.8529
NDf                       =            8
Edm                       =  4.55443e-06
NCalls                    =          369
Width                     =            1   +/-   3.2517       	 (limited)
MP                        =      18.1234   +/-   0.130318     	 (limited)
Area                      =      2225.44   +/-   63.0822      	 (limited)
GSigma                    =      3.02934   +/-   0.182635     	 (limited)
Info in <TCanvas::Print>: Current canvas added to pdf file /data9/YangMingShanExperiments/YangMingHotspotResort/LowLevelProcessedData/DailyPlots/20260119_Det01_Exp0001_Run000005_001_Mu_TOT_TEST.pdf
Plotting Boards:  75%|███████▌  | 12/16 [00:03<00:01,  3.19it/s]TH1F::Sumw2:0: RuntimeWarning: Sum of squares of weights structure already created
Info in <ROOT::Math::ParameterSettings>: lower/upper bounds outside current parameter value. The value will be set to (low+up)/2 
Minuit2Minimizer: Minimize with max-calls 1000000 convergence for edm < 0.01 strategy 1
Minuit2Minimizer : Valid minimum - status = 0
FVAL  = 13.5612373124873997
Edm   = 8.42519585733213934e-06
Nfcn  = 224
Width	  = 1.58339	 +/-  0.423354	(limited)
MP	  = 18.3165	 +/-  0.132331	(limited)
Area	  = 2193.12	 +/-  138.674	(limited)
GSigma	  = 2.28791	 +/-  0.579974	(limited)
****************************************
Minimizer is Minuit2 / Combined
Chi2                      =      13.5612
NDf                       =            8
Edm                       =   8.4252e-06
NCalls                    =          224
Width                     =      1.58339   +/-   0.423354     	 (limited)
MP                        =      18.3165   +/-   0.132331     	 (limited)
Area                      =      2193.12   +/-   138.674      	 (limited)
GSigma                    =      2.28791   +/-   0.579974     	 (limited)
TH1F::Sumw2:0: RuntimeWarning: Sum of squares of weights structure already created
Info in <ROOT::Math::ParameterSettings>: lower/upper bounds outside current parameter value. The value will be set to (low+up)/2 
Minuit2Minimizer: Minimize with max-calls 1000000 convergence for edm < 0.01 strategy 1
Minuit2Minimizer : Valid minimum - status = 0
FVAL  = 9.97498402218294089
Edm   = 7.55380680247410329e-06
Nfcn  = 297
Width	  = 1	 +/-  0.138971	(limited)
MP	  = 18.9171	 +/-  0.11362	(limited)
Area	  = 2039.97	 +/-  59.9478	(limited)
GSigma	  = 2.43239	 +/-  0.15791	(limited)
****************************************
Minimizer is Minuit2 / Combined
Chi2                      =      9.97498
NDf                       =            6
Edm                       =  7.55381e-06
NCalls                    =          297
Width                     =            1   +/-   0.138971     	 (limited)
MP                        =      18.9171   +/-   0.11362      	 (limited)
Area                      =      2039.97   +/-   59.9478      	 (limited)
GSigma                    =      2.43239   +/-   0.15791      	 (limited)
TH1F::Sumw2:0: RuntimeWarning: Sum of squares of weights structure already created
Info in <ROOT::Math::ParameterSettings>: lower/upper bounds outside current parameter value. The value will be set to (low+up)/2 
Minuit2Minimizer: Minimize with max-calls 1000000 convergence for edm < 0.01 strategy 1
Minuit2Minimizer : Valid minimum - status = 0
FVAL  = 6.55440011591150551
Edm   = 1.00172823129477628e-07
Nfcn  = 228
Width	  = 1.72245	 +/-  0.106541	(limited)
MP	  = 18.2827	 +/-  0.110029	(limited)
Area	  = 2327.81	 +/-  85.9464	(limited)
GSigma	  = 1	 +/-  0.565841	(limited)
****************************************
Minimizer is Minuit2 / Combined
Chi2                      =       6.5544
NDf                       =            6
Edm                       =  1.00173e-07
NCalls                    =          228
Width                     =      1.72245   +/-   0.106541     	 (limited)
MP                        =      18.2827   +/-   0.110029     	 (limited)
Area                      =      2327.81   +/-   85.9464      	 (limited)
GSigma                    =            1   +/-   0.565841     	 (limited)
TH1F::Sumw2:0: RuntimeWarning: Sum of squares of weights structure already created
Info in <ROOT::Math::ParameterSettings>: lower/upper bounds outside current parameter value. The value will be set to (low+up)/2 
Minuit2Minimizer: Minimize with max-calls 1000000 convergence for edm < 0.01 strategy 1
Minuit2Minimizer : Valid minimum - status = 0
FVAL  = 5.7927590141524421
Edm   = 1.06191643643887981e-06
Nfcn  = 222
Width	  = 1.21679	 +/-  0.333288	(limited)
MP	  = 18.3556	 +/-  0.105635	(limited)
Area	  = 2268.57	 +/-  139.818	(limited)
GSigma	  = 2.18947	 +/-  0.376668	(limited)
****************************************
Minimizer is Minuit2 / Combined
Chi2                      =      5.79276
NDf                       =            7
Edm                       =  1.06192e-06
NCalls                    =          222
Width                     =      1.21679   +/-   0.333288     	 (limited)
MP                        =      18.3556   +/-   0.105635     	 (limited)
Area                      =      2268.57   +/-   139.818      	 (limited)
GSigma                    =      2.18947   +/-   0.376668     	 (limited)
TH1F::Sumw2:0: RuntimeWarning: Sum of squares of weights structure already created
Info in <ROOT::Math::ParameterSettings>: lower/upper bounds outside current parameter value. The value will be set to (low+up)/2 
Minuit2Minimizer: Minimize with max-calls 1000000 convergence for edm < 0.01 strategy 1
Minuit2Minimizer : Valid minimum - status = 0
FVAL  = 8.32944710517623221
Edm   = 2.38865993076997054e-06
Nfcn  = 227
Width	  = 1.74687	 +/-  0.313069	(limited)
MP	  = 18.6265	 +/-  0.137887	(limited)
Area	  = 2041.85	 +/-  93.1824	(limited)
GSigma	  = 2.28923	 +/-  0.481411	(limited)
****************************************
Minimizer is Minuit2 / Combined
Chi2                      =      8.32945
NDf                       =           10
Edm                       =  2.38866e-06
NCalls                    =          227
Width                     =      1.74687   +/-   0.313069     	 (limited)
MP                        =      18.6265   +/-   0.137887     	 (limited)
Area                      =      2041.85   +/-   93.1824      	 (limited)
GSigma                    =      2.28923   +/-   0.481411     	 (limited)
TH1F::Sumw2:0: RuntimeWarning: Sum of squares of weights structure already created
Info in <ROOT::Math::ParameterSettings>: lower/upper bounds outside current parameter value. The value will be set to (low+up)/2 
Minuit2Minimizer: Minimize with max-calls 1000000 convergence for edm < 0.01 strategy 1
Minuit2Minimizer : Valid minimum - status = 0
FVAL  = 3.82296352015862562
Edm   = 4.76264851328794128e-06
Nfcn  = 207
Width	  = 1.44463	 +/-  0.256742	(limited)
MP	  = 18.9098	 +/-  0.111193	(limited)
Area	  = 1956.26	 +/-  96.2016	(limited)
GSigma	  = 1.68129	 +/-  0.392976	(limited)
****************************************
Minimizer is Minuit2 / Combined
Chi2                      =      3.82296
NDf                       =            7
Edm                       =  4.76265e-06
NCalls                    =          207
Width                     =      1.44463   +/-   0.256742     	 (limited)
MP                        =      18.9098   +/-   0.111193     	 (limited)
Area                      =      1956.26   +/-   96.2016      	 (limited)
GSigma                    =      1.68129   +/-   0.392976     	 (limited)
TH1F::Sumw2:0: RuntimeWarning: Sum of squares of weights structure already created
Info in <ROOT::Math::ParameterSettings>: lower/upper bounds outside current parameter value. The value will be set to (low+up)/2 
Minuit2Minimizer: Minimize with max-calls 1000000 convergence for edm < 0.01 strategy 1
Minuit2Minimizer : Valid minimum - status = 0
FVAL  = 6.76818570942186781
Edm   = 6.94721159554073565e-06
Nfcn  = 228
Width	  = 1.39415	 +/-  0.26714	(limited)
MP	  = 19.7201	 +/-  0.117105	(limited)
Area	  = 1897.2	 +/-  107.523	(limited)
GSigma	  = 1.60697	 +/-  0.366162	(limited)
****************************************
Minimizer is Minuit2 / Combined
Chi2                      =      6.76819
NDf                       =            6
Edm                       =  6.94721e-06
NCalls                    =          228
Width                     =      1.39415   +/-   0.26714      	 (limited)
MP                        =      19.7201   +/-   0.117105     	 (limited)
Area                      =       1897.2   +/-   107.523      	 (limited)
GSigma                    =      1.60697   +/-   0.366162     	 (limited)
TH1F::Sumw2:0: RuntimeWarning: Sum of squares of weights structure already created
Info in <ROOT::Math::ParameterSettings>: lower/upper bounds outside current parameter value. The value will be set to (low+up)/2 
Minuit2Minimizer: Minimize with max-calls 1000000 convergence for edm < 0.01 strategy 1
Minuit2Minimizer : Valid minimum - status = 0
FVAL  = 5.1396479131928583
Edm   = 2.03291672869066649e-07
Nfcn  = 193
Width	  = 1.72639	 +/-  0.10318	(limited)
MP	  = 20.8141	 +/-  0.111024	(limited)
Area	  = 2094.51	 +/-  73.9717	(limited)
GSigma	  = 1	 +/-  0.838398	(limited)
****************************************
Minimizer is Minuit2 / Combined
Chi2                      =      5.13965
NDf                       =            7
Edm                       =  2.03292e-07
NCalls                    =          193
Width                     =      1.72639   +/-   0.10318      	 (limited)
MP                        =      20.8141   +/-   0.111024     	 (limited)
Area                      =      2094.51   +/-   73.9717      	 (limited)
GSigma                    =            1   +/-   0.838398     	 (limited)
TH1F::Sumw2:0: RuntimeWarning: Sum of squares of weights structure already created
Info in <ROOT::Math::ParameterSettings>: lower/upper bounds outside current parameter value. The value will be set to (low+up)/2 
Minuit2Minimizer: Minimize with max-calls 1000000 convergence for edm < 0.01 strategy 1
Minuit2Minimizer : Valid minimum - status = 0
FVAL  = 6.10200122877491058
Edm   = 6.83551663713174213e-07
Nfcn  = 215
Width	  = 1.4904	 +/-  0.325745	(limited)
MP	  = 18.9264	 +/-  0.14344	(limited)
Area	  = 1510.85	 +/-  91.918	(limited)
GSigma	  = 1.86214	 +/-  0.468996	(limited)
****************************************
Minimizer is Minuit2 / Combined
Chi2                      =        6.102
NDf                       =            7
Edm                       =  6.83552e-07
NCalls                    =          215
Width                     =       1.4904   +/-   0.325745     	 (limited)
MP                        =      18.9264   +/-   0.14344      	 (limited)
Area                      =      1510.85   +/-   91.918       	 (limited)
GSigma                    =      1.86214   +/-   0.468996     	 (limited)
TH1F::Sumw2:0: RuntimeWarning: Sum of squares of weights structure already created
Info in <ROOT::Math::ParameterSettings>: lower/upper bounds outside current parameter value. The value will be set to (low+up)/2 
Minuit2Minimizer: Minimize with max-calls 1000000 convergence for edm < 0.01 strategy 1
Minuit2Minimizer : Valid minimum - status = 0
FVAL  = 5.76003175937098444
Edm   = 1.25621831654086218e-06
Nfcn  = 317
Width	  = 1.32304	 +/-  0.367961	(limited)
MP	  = 18.9983	 +/-  0.12648	(limited)
Area	  = 1497.11	 +/-  113.777	(limited)
GSigma	  = 1.76309	 +/-  0.452529	(limited)
****************************************
Minimizer is Minuit2 / Combined
Chi2                      =      5.76003
NDf                       =            6
Edm                       =  1.25622e-06
NCalls                    =          317
Width                     =      1.32304   +/-   0.367961     	 (limited)
MP                        =      18.9983   +/-   0.12648      	 (limited)
Area                      =      1497.11   +/-   113.777      	 (limited)
GSigma                    =      1.76309   +/-   0.452529     	 (limited)
TH1F::Sumw2:0: RuntimeWarning: Sum of squares of weights structure already created
Info in <ROOT::Math::ParameterSettings>: lower/upper bounds outside current parameter value. The value will be set to (low+up)/2 
Minuit2Minimizer: Minimize with max-calls 1000000 convergence for edm < 0.01 strategy 1
Minuit2Minimizer : Valid minimum - status = 0
FVAL  = 3.20489108959050784
Edm   = 1.32169879633418124e-06
Nfcn  = 207
Width	  = 1.38802	 +/-  0.267724	(limited)
MP	  = 17.163	 +/-  0.129727	(limited)
Area	  = 1468.19	 +/-  87.148	(limited)
GSigma	  = 1.01457	 +/-  3.54501	(limited)
****************************************
Minimizer is Minuit2 / Combined
Chi2                      =      3.20489
NDf                       =            5
Edm                       =   1.3217e-06
NCalls                    =          207
Width                     =      1.38802   +/-   0.267724     	 (limited)
MP                        =       17.163   +/-   0.129727     	 (limited)
Area                      =      1468.19   +/-   87.148       	 (limited)
GSigma                    =      1.01457   +/-   3.54501      	 (limited)
TH1F::Sumw2:0: RuntimeWarning: Sum of squares of weights structure already created
Info in <ROOT::Math::ParameterSettings>: lower/upper bounds outside current parameter value. The value will be set to (low+up)/2 
Minuit2Minimizer: Minimize with max-calls 1000000 convergence for edm < 0.01 strategy 1
Minuit2Minimizer : Valid minimum - status = 0
FVAL  = 3.22520163480021793
Edm   = 2.52508662893629123e-07
Nfcn  = 183
Width	  = 1.60356	 +/-  0.270238	(limited)
MP	  = 18.9111	 +/-  0.130412	(limited)
Area	  = 1722.35	 +/-  89.5847	(limited)
GSigma	  = 1.34468	 +/-  0.481758	(limited)
****************************************
Minimizer is Minuit2 / Combined
Chi2                      =       3.2252
NDf                       =            7
Edm                       =  2.52509e-07
NCalls                    =          183
Width                     =      1.60356   +/-   0.270238     	 (limited)
MP                        =      18.9111   +/-   0.130412     	 (limited)
Area                      =      1722.35   +/-   89.5847      	 (limited)
GSigma                    =      1.34468   +/-   0.481758     	 (limited)
TH1F::Sumw2:0: RuntimeWarning: Sum of squares of weights structure already created
Info in <ROOT::Math::ParameterSettings>: lower/upper bounds outside current parameter value. The value will be set to (low+up)/2 
Minuit2Minimizer: Minimize with max-calls 1000000 convergence for edm < 0.01 strategy 1
Minuit2Minimizer : Valid minimum - status = 0
FVAL  = 7.16614854569850568
Edm   = 2.17588315723820514e-06
Nfcn  = 415
Width	  = 1.00019	 +/-  70.6216	(limited)
MP	  = 18.6561	 +/-  0.13557	(limited)
Area	  = 1036.41	 +/-  61.3962	(limited)
GSigma	  = 1.90973	 +/-  0.282923	(limited)
****************************************
Minimizer is Minuit2 / Combined
Chi2                      =      7.16615
NDf                       =            5
Edm                       =  2.17588e-06
NCalls                    =          415
Width                     =      1.00019   +/-   70.6216      	 (limited)
MP                        =      18.6561   +/-   0.13557      	 (limited)
Area                      =      1036.41   +/-   61.3962      	 (limited)
GSigma                    =      1.90973   +/-   0.282923     	 (limited)
TH1F::Sumw2:0: RuntimeWarning: Sum of squares of weights structure already created
Info in <ROOT::Math::ParameterSettings>: lower/upper bounds outside current parameter value. The value will be set to (low+up)/2 
Minuit2Minimizer: Minimize with max-calls 1000000 convergence for edm < 0.01 strategy 1
Minuit2Minimizer : Valid minimum - status = 0
FVAL  = 2.89739970495910804
Edm   = 3.91589468831030826e-06
Nfcn  = 294
Width	  = 1.84032	 +/-  0.371051	(limited)
MP	  = 17.8094	 +/-  0.174242	(limited)
Area	  = 1294.22	 +/-  81.4643	(limited)
GSigma	  = 1.77707	 +/-  0.5541	(limited)
****************************************
Minimizer is Minuit2 / Combined
Chi2                      =       2.8974
NDf                       =            9
Edm                       =  3.91589e-06
NCalls                    =          294
Width                     =      1.84032   +/-   0.371051     	 (limited)
MP                        =      17.8094   +/-   0.174242     	 (limited)
Area                      =      1294.22   +/-   81.4643      	 (limited)
GSigma                    =      1.77707   +/-   0.5541       	 (limited)
TH1F::Sumw2:0: RuntimeWarning: Sum of squares of weights structure already created
Info in <ROOT::Math::ParameterSettings>: lower/upper bounds outside current parameter value. The value will be set to (low+up)/2 
Minuit2Minimizer: Minimize with max-calls 1000000 convergence for edm < 0.01 strategy 1
Minuit2:0: RuntimeWarning: DavidonErrorUpdator delgam < 0 : first derivatives increasing along search line (details in info log)
Minuit2:0: RuntimeWarning: VariableMetricBuilder Matrix not pos.def, gdel = 1.16439 > 0
Minuit2:0: RuntimeWarning: MnPosDef non-positive diagonal element in covariance matrix[ 0 ] = -0.000132925
Minuit2:0: RuntimeWarning: MnPosDef non-positive diagonal element in covariance matrix[ 2 ] = -1.11493e-05
Minuit2:0: RuntimeWarning: MnPosDef non-positive diagonal element in covariance matrix[ 3 ] = -0.770997
Minuit2:0: RuntimeWarning: MnPosDef Added to diagonal of Error matrix a value 1.271
Minuit2:0: RuntimeWarning: VariableMetricBuilder gdel = -89992.4
Minuit2:0: RuntimeWarning: DavidonErrorUpdator delgam < 0 : first derivatives increasing along search line (details in info log)
Minuit2:0: RuntimeWarning: VariableMetricBuilder Matrix not pos.def, gdel = 4.0613 > 0
Minuit2:0: RuntimeWarning: MnPosDef non-positive diagonal element in covariance matrix[ 0 ] = -0.000543631
Minuit2:0: RuntimeWarning: MnPosDef non-positive diagonal element in covariance matrix[ 2 ] = -1.84632e-07
Minuit2:0: RuntimeWarning: MnPosDef non-positive diagonal element in covariance matrix[ 3 ] = -0.186741
Minuit2:0: RuntimeWarning: MnPosDef Added to diagonal of Error matrix a value 0.686742
Minuit2:0: RuntimeWarning: VariableMetricBuilder gdel = -457.163
Minuit2Minimizer : Valid minimum - status = 0
FVAL  = 7.62313512785522462
Edm   = 1.66223133747325172e-06
Nfcn  = 418
Width	  = 1.1727	 +/-  0.550023	(limited)
MP	  = 18.1296	 +/-  0.165944	(limited)
Area	  = 1317.7	 +/-  120.733	(limited)
GSigma	  = 2.39066	 +/-  0.622175	(limited)
****************************************
Minimizer is Minuit2 / Combined
Chi2                      =      7.62314
NDf                       =            7
Edm                       =  1.66223e-06
NCalls                    =          418
Width                     =       1.1727   +/-   0.550023     	 (limited)
MP                        =      18.1296   +/-   0.165944     	 (limited)
Area                      =       1317.7   +/-   120.733      	 (limited)
GSigma                    =      2.39066   +/-   0.622175     	 (limited)
TH1F::Sumw2:0: RuntimeWarning: Sum of squares of weights structure already created
Info in <ROOT::Math::ParameterSettings>: lower/upper bounds outside current parameter value. The value will be set to (low+up)/2 
Minuit2Minimizer: Minimize with max-calls 1000000 convergence for edm < 0.01 strategy 1
Minuit2Minimizer : Valid minimum - status = 0
FVAL  = 13.7247998143026244
Edm   = 4.52340905650318373e-06
Nfcn  = 346
Width	  = 1.41387	 +/-  0.45989	(limited)
MP	  = 17.8139	 +/-  0.153912	(limited)
Area	  = 1237.33	 +/-  99.9674	(limited)
GSigma	  = 2.32075	 +/-  0.517719	(limited)
****************************************
Minimizer is Minuit2 / Combined
Chi2                      =      13.7248
NDf                       =            8
Edm                       =  4.52341e-06
NCalls                    =          346
Width                     =      1.41387   +/-   0.45989      	 (limited)
MP                        =      17.8139   +/-   0.153912     	 (limited)
Area                      =      1237.33   +/-   99.9674      	 (limited)
GSigma                    =      2.32075   +/-   0.517719     	 (limited)
Info in <TCanvas::Print>: Current canvas added to pdf file /data9/YangMingShanExperiments/YangMingHotspotResort/LowLevelProcessedData/DailyPlots/20260119_Det01_Exp0001_Run000005_001_Mu_TOT_TEST.pdf
Plotting Boards:  81%|████████▏ | 13/16 [00:04<00:00,  3.24it/s]TH1F::Sumw2:0: RuntimeWarning: Sum of squares of weights structure already created
Info in <ROOT::Math::ParameterSettings>: lower/upper bounds outside current parameter value. The value will be set to (low+up)/2 
Minuit2Minimizer: Minimize with max-calls 1000000 convergence for edm < 0.01 strategy 1
Minuit2Minimizer : Valid minimum - status = 0
FVAL  = 7.87604415794225154
Edm   = 4.23384948856923247e-07
Nfcn  = 210
Width	  = 1.38258	 +/-  0.340473	(limited)
MP	  = 19.3277	 +/-  0.123963	(limited)
Area	  = 1981.52	 +/-  112.181	(limited)
GSigma	  = 2.36674	 +/-  0.425353	(limited)
****************************************
Minimizer is Minuit2 / Combined
Chi2                      =      7.87604
NDf                       =            8
Edm                       =  4.23385e-07
NCalls                    =          210
Width                     =      1.38258   +/-   0.340473     	 (limited)
MP                        =      19.3277   +/-   0.123963     	 (limited)
Area                      =      1981.52   +/-   112.181      	 (limited)
GSigma                    =      2.36674   +/-   0.425353     	 (limited)
TH1F::Sumw2:0: RuntimeWarning: Sum of squares of weights structure already created
Info in <ROOT::Math::ParameterSettings>: lower/upper bounds outside current parameter value. The value will be set to (low+up)/2 
Minuit2Minimizer: Minimize with max-calls 1000000 convergence for edm < 0.01 strategy 1
Minuit2Minimizer : Valid minimum - status = 0
FVAL  = 3.51018797372717195
Edm   = 1.19710392941551789e-07
Nfcn  = 263
Width	  = 1.14095	 +/-  0.303291	(limited)
MP	  = 18.8565	 +/-  0.115647	(limited)
Area	  = 1962.65	 +/-  106.139	(limited)
GSigma	  = 2.19843	 +/-  0.377399	(limited)
****************************************
Minimizer is Minuit2 / Combined
Chi2                      =      3.51019
NDf                       =            7
Edm                       =   1.1971e-07
NCalls                    =          263
Width                     =      1.14095   +/-   0.303291     	 (limited)
MP                        =      18.8565   +/-   0.115647     	 (limited)
Area                      =      1962.65   +/-   106.139      	 (limited)
GSigma                    =      2.19843   +/-   0.377399     	 (limited)
TH1F::Sumw2:0: RuntimeWarning: Sum of squares of weights structure already created
Info in <ROOT::Math::ParameterSettings>: lower/upper bounds outside current parameter value. The value will be set to (low+up)/2 
Minuit2Minimizer: Minimize with max-calls 1000000 convergence for edm < 0.01 strategy 1
Minuit2Minimizer : Valid minimum - status = 0
FVAL  = 6.84061814629598786
Edm   = 1.05665999332445844e-05
Nfcn  = 374
Width	  = 1.74493	 +/-  0.27116	(limited)
MP	  = 18.8964	 +/-  0.140463	(limited)
Area	  = 2447.56	 +/-  119.273	(limited)
GSigma	  = 1.50509	 +/-  0.479137	(limited)
****************************************
Minimizer is Minuit2 / Combined
Chi2                      =      6.84062
NDf                       =            7
Edm                       =  1.05666e-05
NCalls                    =          374
Width                     =      1.74493   +/-   0.27116      	 (limited)
MP                        =      18.8964   +/-   0.140463     	 (limited)
Area                      =      2447.56   +/-   119.273      	 (limited)
GSigma                    =      1.50509   +/-   0.479137     	 (limited)
TH1F::Sumw2:0: RuntimeWarning: Sum of squares of weights structure already created
Info in <ROOT::Math::ParameterSettings>: lower/upper bounds outside current parameter value. The value will be set to (low+up)/2 
Minuit2Minimizer: Minimize with max-calls 1000000 convergence for edm < 0.01 strategy 1
Minuit2Minimizer : Valid minimum - status = 0
FVAL  = 2.20085151816785629
Edm   = 1.48163072387372093e-06
Nfcn  = 222
Width	  = 1.59693	 +/-  0.0966713	(limited)
MP	  = 19.1285	 +/-  0.0985477	(limited)
Area	  = 2329.16	 +/-  80.8572	(limited)
GSigma	  = 1	 +/-  3.25081	(limited)
****************************************
Minimizer is Minuit2 / Combined
Chi2                      =      2.20085
NDf                       =            6
Edm                       =  1.48163e-06
NCalls                    =          222
Width                     =      1.59693   +/-   0.0966713    	 (limited)
MP                        =      19.1285   +/-   0.0985477    	 (limited)
Area                      =      2329.16   +/-   80.8572      	 (limited)
GSigma                    =            1   +/-   3.25081      	 (limited)
TH1F::Sumw2:0: RuntimeWarning: Sum of squares of weights structure already created
Info in <ROOT::Math::ParameterSettings>: lower/upper bounds outside current parameter value. The value will be set to (low+up)/2 
Minuit2Minimizer: Minimize with max-calls 1000000 convergence for edm < 0.01 strategy 1
Minuit2Minimizer : Valid minimum - status = 0
FVAL  = 5.07332820350935432
Edm   = 3.65107748257376013e-06
Nfcn  = 192
Width	  = 1.44896	 +/-  0.308617	(limited)
MP	  = 19.0545	 +/-  0.12146	(limited)
Area	  = 1722.06	 +/-  88.9564	(limited)
GSigma	  = 1.96726	 +/-  0.456557	(limited)
****************************************
Minimizer is Minuit2 / Combined
Chi2                      =      5.07333
NDf                       =            8
Edm                       =  3.65108e-06
NCalls                    =          192
Width                     =      1.44896   +/-   0.308617     	 (limited)
MP                        =      19.0545   +/-   0.12146      	 (limited)
Area                      =      1722.06   +/-   88.9564      	 (limited)
GSigma                    =      1.96726   +/-   0.456557     	 (limited)
TH1F::Sumw2:0: RuntimeWarning: Sum of squares of weights structure already created
Info in <ROOT::Math::ParameterSettings>: lower/upper bounds outside current parameter value. The value will be set to (low+up)/2 
Minuit2Minimizer: Minimize with max-calls 1000000 convergence for edm < 0.01 strategy 1
Minuit2Minimizer : Valid minimum - status = 0
FVAL  = 1.6720050893505547
Edm   = 2.09985990557327797e-06
Nfcn  = 207
Width	  = 1.3861	 +/-  0.269591	(limited)
MP	  = 18.5626	 +/-  0.116766	(limited)
Area	  = 1714.8	 +/-  84.3967	(limited)
GSigma	  = 1.728	 +/-  0.426541	(limited)
****************************************
Minimizer is Minuit2 / Combined
Chi2                      =      1.67201
NDf                       =            7
Edm                       =  2.09986e-06
NCalls                    =          207
Width                     =       1.3861   +/-   0.269591     	 (limited)
MP                        =      18.5626   +/-   0.116766     	 (limited)
Area                      =       1714.8   +/-   84.3967      	 (limited)
GSigma                    =        1.728   +/-   0.426541     	 (limited)
TH1F::Sumw2:0: RuntimeWarning: Sum of squares of weights structure already created
Info in <ROOT::Math::ParameterSettings>: lower/upper bounds outside current parameter value. The value will be set to (low+up)/2 
Minuit2Minimizer: Minimize with max-calls 1000000 convergence for edm < 0.01 strategy 1
Minuit2Minimizer : Valid minimum - status = 0
FVAL  = 8.30662674227489717
Edm   = 2.63458578435396219e-06
Nfcn  = 309
Width	  = 1.6726	 +/-  0.100897	(limited)
MP	  = 18.5444	 +/-  0.106493	(limited)
Area	  = 2036.59	 +/-  71.0181	(limited)
GSigma	  = 1	 +/-  2.5498	(limited)
****************************************
Minimizer is Minuit2 / Combined
Chi2                      =      8.30663
NDf                       =            7
Edm                       =  2.63459e-06
NCalls                    =          309
Width                     =       1.6726   +/-   0.100897     	 (limited)
MP                        =      18.5444   +/-   0.106493     	 (limited)
Area                      =      2036.59   +/-   71.0181      	 (limited)
GSigma                    =            1   +/-   2.5498       	 (limited)
TH1F::Sumw2:0: RuntimeWarning: Sum of squares of weights structure already created
Info in <ROOT::Math::ParameterSettings>: lower/upper bounds outside current parameter value. The value will be set to (low+up)/2 
Minuit2Minimizer: Minimize with max-calls 1000000 convergence for edm < 0.01 strategy 1
Minuit2:0: RuntimeWarning: DavidonErrorUpdator delgam < 0 : first derivatives increasing along search line (details in info log)
Minuit2:0: RuntimeWarning: VariableMetricBuilder Matrix not pos.def, gdel = 8.21357 > 0
Minuit2:0: RuntimeWarning: MnPosDef non-positive diagonal element in covariance matrix[ 0 ] = -0.000826375
Minuit2:0: RuntimeWarning: MnPosDef non-positive diagonal element in covariance matrix[ 1 ] = -0.000641495
Minuit2:0: RuntimeWarning: MnPosDef non-positive diagonal element in covariance matrix[ 2 ] = -2.19519e-05
Minuit2:0: RuntimeWarning: MnPosDef non-positive diagonal element in covariance matrix[ 3 ] = -1.1936
Minuit2:0: RuntimeWarning: MnPosDef Added to diagonal of Error matrix a value 1.6936
Minuit2:0: RuntimeWarning: VariableMetricBuilder gdel = -152502
Minuit2Minimizer : Valid minimum - status = 0
FVAL  = 11.1316586731295626
Edm   = 3.83690306346480787e-08
Nfcn  = 409
Width	  = 1	 +/-  0.263956	(limited)
MP	  = 18.3184	 +/-  0.1083	(limited)
Area	  = 1756.17	 +/-  50.5586	(limited)
GSigma	  = 2.29408	 +/-  0.141104	(limited)
****************************************
Minimizer is Minuit2 / Combined
Chi2                      =      11.1317
NDf                       =            7
Edm                       =   3.8369e-08
NCalls                    =          409
Width                     =            1   +/-   0.263956     	 (limited)
MP                        =      18.3184   +/-   0.1083       	 (limited)
Area                      =      1756.17   +/-   50.5586      	 (limited)
GSigma                    =      2.29408   +/-   0.141104     	 (limited)
TH1F::Sumw2:0: RuntimeWarning: Sum of squares of weights structure already created
Info in <ROOT::Math::ParameterSettings>: lower/upper bounds outside current parameter value. The value will be set to (low+up)/2 
Minuit2Minimizer: Minimize with max-calls 1000000 convergence for edm < 0.01 strategy 1
Minuit2Minimizer : Valid minimum - status = 0
FVAL  = 3.26099681262069829
Edm   = 6.01657089604286877e-06
Nfcn  = 329
Width	  = 1	 +/-  0.930698	(limited)
MP	  = 18.9692	 +/-  0.136342	(limited)
Area	  = 1346.35	 +/-  46.0824	(limited)
GSigma	  = 2.47164	 +/-  0.189061	(limited)
****************************************
Minimizer is Minuit2 / Combined
Chi2                      =        3.261
NDf                       =            7
Edm                       =  6.01657e-06
NCalls                    =          329
Width                     =            1   +/-   0.930698     	 (limited)
MP                        =      18.9692   +/-   0.136342     	 (limited)
Area                      =      1346.35   +/-   46.0824      	 (limited)
GSigma                    =      2.47164   +/-   0.189061     	 (limited)
TH1F::Sumw2:0: RuntimeWarning: Sum of squares of weights structure already created
Info in <ROOT::Math::ParameterSettings>: lower/upper bounds outside current parameter value. The value will be set to (low+up)/2 
Minuit2Minimizer: Minimize with max-calls 1000000 convergence for edm < 0.01 strategy 1
Minuit2Minimizer : Valid minimum - status = 0
FVAL  = 5.38449782139315314
Edm   = 7.59197535544231242e-08
Nfcn  = 196
Width	  = 1.80894	 +/-  0.116203	(limited)
MP	  = 19.112	 +/-  0.1364	(limited)
Area	  = 1583.51	 +/-  64.8864	(limited)
GSigma	  = 1.00001	 +/-  0.0786253	(limited)
****************************************
Minimizer is Minuit2 / Combined
Chi2                      =       5.3845
NDf                       =            7
Edm                       =  7.59198e-08
NCalls                    =          196
Width                     =      1.80894   +/-   0.116203     	 (limited)
MP                        =       19.112   +/-   0.1364       	 (limited)
Area                      =      1583.51   +/-   64.8864      	 (limited)
GSigma                    =      1.00001   +/-   0.0786253    	 (limited)
TH1F::Sumw2:0: RuntimeWarning: Sum of squares of weights structure already created
Info in <ROOT::Math::ParameterSettings>: lower/upper bounds outside current parameter value. The value will be set to (low+up)/2 
Minuit2Minimizer: Minimize with max-calls 1000000 convergence for edm < 0.01 strategy 1
Minuit2Minimizer : Valid minimum - status = 0
FVAL  = 2.63628727650202288
Edm   = 1.41883242935805757e-08
Nfcn  = 212
Width	  = 1.381	 +/-  0.358809	(limited)
MP	  = 18.3851	 +/-  0.142007	(limited)
Area	  = 1648.85	 +/-  108.221	(limited)
GSigma	  = 1.87228	 +/-  0.510301	(limited)
****************************************
Minimizer is Minuit2 / Combined
Chi2                      =      2.63629
NDf                       =            6
Edm                       =  1.41883e-08
NCalls                    =          212
Width                     =        1.381   +/-   0.358809     	 (limited)
MP                        =      18.3851   +/-   0.142007     	 (limited)
Area                      =      1648.85   +/-   108.221      	 (limited)
GSigma                    =      1.87228   +/-   0.510301     	 (limited)
TH1F::Sumw2:0: RuntimeWarning: Sum of squares of weights structure already created
Info in <ROOT::Math::ParameterSettings>: lower/upper bounds outside current parameter value. The value will be set to (low+up)/2 
Minuit2Minimizer: Minimize with max-calls 1000000 convergence for edm < 0.01 strategy 1
Minuit2Minimizer : Valid minimum - status = 0
FVAL  = 7.77761982668305318
Edm   = 2.49223682047699979e-08
Nfcn  = 190
Width	  = 1.496	 +/-  0.231604	(limited)
MP	  = 18.6584	 +/-  0.121834	(limited)
Area	  = 1665.34	 +/-  78.7713	(limited)
GSigma	  = 1.44231	 +/-  0.387839	(limited)
****************************************
Minimizer is Minuit2 / Combined
Chi2                      =      7.77762
NDf                       =            7
Edm                       =  2.49224e-08
NCalls                    =          190
Width                     =        1.496   +/-   0.231604     	 (limited)
MP                        =      18.6584   +/-   0.121834     	 (limited)
Area                      =      1665.34   +/-   78.7713      	 (limited)
GSigma                    =      1.44231   +/-   0.387839     	 (limited)
TH1F::Sumw2:0: RuntimeWarning: Sum of squares of weights structure already created
Info in <ROOT::Math::ParameterSettings>: lower/upper bounds outside current parameter value. The value will be set to (low+up)/2 
Minuit2Minimizer: Minimize with max-calls 1000000 convergence for edm < 0.01 strategy 1
Minuit2Minimizer : Valid minimum - status = 0
FVAL  = 7.375818585448914
Edm   = 5.82229741403900577e-09
Nfcn  = 202
Width	  = 2.02534	 +/-  0.144793	(limited)
MP	  = 18.8071	 +/-  0.181861	(limited)
Area	  = 1236.82	 +/-  58.8871	(limited)
GSigma	  = 1	 +/-  0.453533	(limited)
****************************************
Minimizer is Minuit2 / Combined
Chi2                      =      7.37582
NDf                       =            8
Edm                       =   5.8223e-09
NCalls                    =          202
Width                     =      2.02534   +/-   0.144793     	 (limited)
MP                        =      18.8071   +/-   0.181861     	 (limited)
Area                      =      1236.82   +/-   58.8871      	 (limited)
GSigma                    =            1   +/-   0.453533     	 (limited)
TH1F::Sumw2:0: RuntimeWarning: Sum of squares of weights structure already created
Info in <ROOT::Math::ParameterSettings>: lower/upper bounds outside current parameter value. The value will be set to (low+up)/2 
Minuit2Minimizer: Minimize with max-calls 1000000 convergence for edm < 0.01 strategy 1
Minuit2Minimizer : Valid minimum - status = 0
FVAL  = 6.289254419670816
Edm   = 4.71936840958550151e-06
Nfcn  = 186
Width	  = 1.38712	 +/-  0.261296	(limited)
MP	  = 18.3705	 +/-  0.136105	(limited)
Area	  = 1184.25	 +/-  68.5611	(limited)
GSigma	  = 1.32902	 +/-  0.428959	(limited)
****************************************
Minimizer is Minuit2 / Combined
Chi2                      =      6.28925
NDf                       =            6
Edm                       =  4.71937e-06
NCalls                    =          186
Width                     =      1.38712   +/-   0.261296     	 (limited)
MP                        =      18.3705   +/-   0.136105     	 (limited)
Area                      =      1184.25   +/-   68.5611      	 (limited)
GSigma                    =      1.32902   +/-   0.428959     	 (limited)
TH1F::Sumw2:0: RuntimeWarning: Sum of squares of weights structure already created
Info in <ROOT::Math::ParameterSettings>: lower/upper bounds outside current parameter value. The value will be set to (low+up)/2 
Minuit2Minimizer: Minimize with max-calls 1000000 convergence for edm < 0.01 strategy 1
Minuit2Minimizer : Valid minimum - status = 0
FVAL  = 6.85349656577160538
Edm   = 8.91563633649356389e-07
Nfcn  = 330
Width	  = 1	 +/-  0.421853	(limited)
MP	  = 18.1137	 +/-  0.138948	(limited)
Area	  = 1155.98	 +/-  45.2983	(limited)
GSigma	  = 2.03864	 +/-  0.198861	(limited)
****************************************
Minimizer is Minuit2 / Combined
Chi2                      =       6.8535
NDf                       =            5
Edm                       =  8.91564e-07
NCalls                    =          330
Width                     =            1   +/-   0.421853     	 (limited)
MP                        =      18.1137   +/-   0.138948     	 (limited)
Area                      =      1155.98   +/-   45.2983      	 (limited)
GSigma                    =      2.03864   +/-   0.198861     	 (limited)
TH1F::Sumw2:0: RuntimeWarning: Sum of squares of weights structure already created
Info in <ROOT::Math::ParameterSettings>: lower/upper bounds outside current parameter value. The value will be set to (low+up)/2 
Minuit2Minimizer: Minimize with max-calls 1000000 convergence for edm < 0.01 strategy 1
Minuit2Minimizer : Valid minimum - status = 0
FVAL  = 10.0174612036470627
Edm   = 5.20370535304778121e-06
Nfcn  = 246
Width	  = 2.04126	 +/-  0.159555	(limited)
MP	  = 18.7838	 +/-  0.161388	(limited)
Area	  = 1417.52	 +/-  66.0352	(limited)
GSigma	  = 1	 +/-  0.73892	(limited)
****************************************
Minimizer is Minuit2 / Combined
Chi2                      =      10.0175
NDf                       =            8
Edm                       =  5.20371e-06
NCalls                    =          246
Width                     =      2.04126   +/-   0.159555     	 (limited)
MP                        =      18.7838   +/-   0.161388     	 (limited)
Area                      =      1417.52   +/-   66.0352      	 (limited)
GSigma                    =            1   +/-   0.73892      	 (limited)
Info in <TCanvas::Print>: Current canvas added to pdf file /data9/YangMingShanExperiments/YangMingHotspotResort/LowLevelProcessedData/DailyPlots/20260119_Det01_Exp0001_Run000005_001_Mu_TOT_TEST.pdf
Plotting Boards:  88%|████████▊ | 14/16 [00:04<00:00,  3.30it/s]TH1F::Sumw2:0: RuntimeWarning: Sum of squares of weights structure already created
Info in <ROOT::Math::ParameterSettings>: lower/upper bounds outside current parameter value. The value will be set to (low+up)/2 
Minuit2Minimizer: Minimize with max-calls 1000000 convergence for edm < 0.01 strategy 1
Minuit2Minimizer : Valid minimum - status = 0
FVAL  = 9.7585148093096663
Edm   = 2.87714587447584714e-06
Nfcn  = 255
Width	  = 1.84317	 +/-  0.508169	(limited)
MP	  = 17.7866	 +/-  0.214677	(limited)
Area	  = 981.397	 +/-  78.1893	(limited)
GSigma	  = 2.05375	 +/-  0.728525	(limited)
****************************************
Minimizer is Minuit2 / Combined
Chi2                      =      9.75851
NDf                       =            9
Edm                       =  2.87715e-06
NCalls                    =          255
Width                     =      1.84317   +/-   0.508169     	 (limited)
MP                        =      17.7866   +/-   0.214677     	 (limited)
Area                      =      981.397   +/-   78.1893      	 (limited)
GSigma                    =      2.05375   +/-   0.728525     	 (limited)
TH1F::Sumw2:0: RuntimeWarning: Sum of squares of weights structure already created
Info in <ROOT::Math::ParameterSettings>: lower/upper bounds outside current parameter value. The value will be set to (low+up)/2 
Minuit2Minimizer: Minimize with max-calls 1000000 convergence for edm < 0.01 strategy 1
Minuit2Minimizer : Valid minimum - status = 0
FVAL  = 12.9417197677917066
Edm   = 3.33035296969815916e-06
Nfcn  = 170
Width	  = 1.9524	 +/-  0.476771	(limited)
MP	  = 17.6856	 +/-  0.296697	(limited)
Area	  = 1084.94	 +/-  82.8566	(limited)
GSigma	  = 1.15174	 +/-  2.54983	(limited)
****************************************
Minimizer is Minuit2 / Combined
Chi2                      =      12.9417
NDf                       =            7
Edm                       =  3.33035e-06
NCalls                    =          170
Width                     =       1.9524   +/-   0.476771     	 (limited)
MP                        =      17.6856   +/-   0.296697     	 (limited)
Area                      =      1084.94   +/-   82.8566      	 (limited)
GSigma                    =      1.15174   +/-   2.54983      	 (limited)
TH1F::Sumw2:0: RuntimeWarning: Sum of squares of weights structure already created
Info in <ROOT::Math::ParameterSettings>: lower/upper bounds outside current parameter value. The value will be set to (low+up)/2 
Minuit2Minimizer: Minimize with max-calls 1000000 convergence for edm < 0.01 strategy 1
Minuit2Minimizer : Valid minimum - status = 0
FVAL  = 12.7536932877417826
Edm   = 1.01619693935732902e-05
Nfcn  = 168
Width	  = 2.12809	 +/-  0.194837	(limited)
MP	  = 17.8396	 +/-  0.209004	(limited)
Area	  = 926.854	 +/-  50.7862	(limited)
GSigma	  = 1	 +/-  0.275377	(limited)
****************************************
Minimizer is Minuit2 / Combined
Chi2                      =      12.7537
NDf                       =            9
Edm                       =   1.0162e-05
NCalls                    =          168
Width                     =      2.12809   +/-   0.194837     	 (limited)
MP                        =      17.8396   +/-   0.209004     	 (limited)
Area                      =      926.854   +/-   50.7862      	 (limited)
GSigma                    =            1   +/-   0.275377     	 (limited)
TH1F::Sumw2:0: RuntimeWarning: Sum of squares of weights structure already created
Info in <ROOT::Math::ParameterSettings>: lower/upper bounds outside current parameter value. The value will be set to (low+up)/2 
Minuit2Minimizer: Minimize with max-calls 1000000 convergence for edm < 0.01 strategy 1
Minuit2Minimizer : Valid minimum - status = 0
FVAL  = 18.1035221333080756
Edm   = 9.04722747139086492e-08
Nfcn  = 167
Width	  = 2.57018	 +/-  0.260466	(limited)
MP	  = 17.3999	 +/-  0.246428	(limited)
Area	  = 961.464	 +/-  56.9596	(limited)
GSigma	  = 1	 +/-  0.552394	(limited)
****************************************
Minimizer is Minuit2 / Combined
Chi2                      =      18.1035
NDf                       =           11
Edm                       =  9.04723e-08
NCalls                    =          167
Width                     =      2.57018   +/-   0.260466     	 (limited)
MP                        =      17.3999   +/-   0.246428     	 (limited)
Area                      =      961.464   +/-   56.9596      	 (limited)
GSigma                    =            1   +/-   0.552394     	 (limited)
TH1F::Sumw2:0: RuntimeWarning: Sum of squares of weights structure already created
Info in <ROOT::Math::ParameterSettings>: lower/upper bounds outside current parameter value. The value will be set to (low+up)/2 
Minuit2Minimizer: Minimize with max-calls 1000000 convergence for edm < 0.01 strategy 1
Minuit2Minimizer : Valid minimum - status = 0
FVAL  = 6.10624854936261841
Edm   = 2.69198802901632011e-06
Nfcn  = 292
Width	  = 2.06279	 +/-  0.487003	(limited)
MP	  = 18.2644	 +/-  0.301793	(limited)
Area	  = 781.269	 +/-  63.3638	(limited)
GSigma	  = 1.34016	 +/-  2.858	(limited)
****************************************
Minimizer is Minuit2 / Combined
Chi2                      =      6.10625
NDf                       =            8
Edm                       =  2.69199e-06
NCalls                    =          292
Width                     =      2.06279   +/-   0.487003     	 (limited)
MP                        =      18.2644   +/-   0.301793     	 (limited)
Area                      =      781.269   +/-   63.3638      	 (limited)
GSigma                    =      1.34016   +/-   2.858        	 (limited)
TH1F::Sumw2:0: RuntimeWarning: Sum of squares of weights structure already created
Info in <ROOT::Math::ParameterSettings>: lower/upper bounds outside current parameter value. The value will be set to (low+up)/2 
Minuit2Minimizer: Minimize with max-calls 1000000 convergence for edm < 0.01 strategy 1
Minuit2Minimizer : Valid minimum - status = 0
FVAL  = 6.54073619664264427
Edm   = 9.39285346255924594e-08
Nfcn  = 269
Width	  = 1	 +/-  0.239186	(limited)
MP	  = 18.153	 +/-  0.18565	(limited)
Area	  = 555.683	 +/-  32.0356	(limited)
GSigma	  = 1.82067	 +/-  0.267439	(limited)
****************************************
Minimizer is Minuit2 / Combined
Chi2                      =      6.54074
NDf                       =            4
Edm                       =  9.39285e-08
NCalls                    =          269
Width                     =            1   +/-   0.239186     	 (limited)
MP                        =       18.153   +/-   0.18565      	 (limited)
Area                      =      555.683   +/-   32.0356      	 (limited)
GSigma                    =      1.82067   +/-   0.267439     	 (limited)
TH1F::Sumw2:0: RuntimeWarning: Sum of squares of weights structure already created
Info in <ROOT::Math::ParameterSettings>: lower/upper bounds outside current parameter value. The value will be set to (low+up)/2 
Minuit2Minimizer: Minimize with max-calls 1000000 convergence for edm < 0.01 strategy 1
Minuit2Minimizer : Valid minimum - status = 0
FVAL  = 8.47925406159128237
Edm   = 9.80522456295295834e-06
Nfcn  = 134
Width	  = 2.06094	 +/-  0.20959	(limited)
MP	  = 18.836	 +/-  0.219921	(limited)
Area	  = 714.362	 +/-  43.1187	(limited)
GSigma	  = 1.00001	 +/-  2.61442	(limited)
****************************************
Minimizer is Minuit2 / Combined
Chi2                      =      8.47925
NDf                       =            9
Edm                       =  9.80522e-06
NCalls                    =          134
Width                     =      2.06094   +/-   0.20959      	 (limited)
MP                        =       18.836   +/-   0.219921     	 (limited)
Area                      =      714.362   +/-   43.1187      	 (limited)
GSigma                    =      1.00001   +/-   2.61442      	 (limited)
TH1F::Sumw2:0: RuntimeWarning: Sum of squares of weights structure already created
Info in <ROOT::Math::ParameterSettings>: lower/upper bounds outside current parameter value. The value will be set to (low+up)/2 
Minuit2Minimizer: Minimize with max-calls 1000000 convergence for edm < 0.01 strategy 1
Minuit2Minimizer : Valid minimum - status = 0
FVAL  = 6.41466225017059166
Edm   = 2.02944932657404148e-07
Nfcn  = 173
Width	  = 1.37741	 +/-  0.650484	(limited)
MP	  = 18.8695	 +/-  0.198668	(limited)
Area	  = 690.11	 +/-  77.4607	(limited)
GSigma	  = 2.19161	 +/-  0.754774	(limited)
****************************************
Minimizer is Minuit2 / Combined
Chi2                      =      6.41466
NDf                       =            8
Edm                       =  2.02945e-07
NCalls                    =          173
Width                     =      1.37741   +/-   0.650484     	 (limited)
MP                        =      18.8695   +/-   0.198668     	 (limited)
Area                      =       690.11   +/-   77.4607      	 (limited)
GSigma                    =      2.19161   +/-   0.754774     	 (limited)
TH1F::Sumw2:0: RuntimeWarning: Sum of squares of weights structure already created
Info in <ROOT::Math::ParameterSettings>: lower/upper bounds outside current parameter value. The value will be set to (low+up)/2 
Minuit2Minimizer: Minimize with max-calls 1000000 convergence for edm < 0.01 strategy 1
Minuit2Minimizer : Valid minimum - status = 0
FVAL  = 12.8875292821906164
Edm   = 5.73493793555594483e-08
Nfcn  = 186
Width	  = 1.72682	 +/-  0.184668	(limited)
MP	  = 18.7457	 +/-  0.211991	(limited)
Area	  = 632.286	 +/-  40.5417	(limited)
GSigma	  = 1	 +/-  0.24411	(limited)
****************************************
Minimizer is Minuit2 / Combined
Chi2                      =      12.8875
NDf                       =            7
Edm                       =  5.73494e-08
NCalls                    =          186
Width                     =      1.72682   +/-   0.184668     	 (limited)
MP                        =      18.7457   +/-   0.211991     	 (limited)
Area                      =      632.286   +/-   40.5417      	 (limited)
GSigma                    =            1   +/-   0.24411      	 (limited)
TH1F::Sumw2:0: RuntimeWarning: Sum of squares of weights structure already created
Info in <ROOT::Math::ParameterSettings>: lower/upper bounds outside current parameter value. The value will be set to (low+up)/2 
Minuit2Minimizer: Minimize with max-calls 1000000 convergence for edm < 0.01 strategy 1
Minuit2Minimizer : Valid minimum - status = 0
FVAL  = 11.7488113726758332
Edm   = 1.41230719672596745e-07
Nfcn  = 237
Width	  = 1.87284	 +/-  0.209646	(limited)
MP	  = 18.799	 +/-  0.237237	(limited)
Area	  = 582.673	 +/-  40.819	(limited)
GSigma	  = 1	 +/-  0.893738	(limited)
****************************************
Minimizer is Minuit2 / Combined
Chi2                      =      11.7488
NDf                       =            7
Edm                       =  1.41231e-07
NCalls                    =          237
Width                     =      1.87284   +/-   0.209646     	 (limited)
MP                        =       18.799   +/-   0.237237     	 (limited)
Area                      =      582.673   +/-   40.819       	 (limited)
GSigma                    =            1   +/-   0.893738     	 (limited)
TH1F::Sumw2:0: RuntimeWarning: Sum of squares of weights structure already created
Info in <ROOT::Math::ParameterSettings>: lower/upper bounds outside current parameter value. The value will be set to (low+up)/2 
Minuit2Minimizer: Minimize with max-calls 1000000 convergence for edm < 0.01 strategy 1
Minuit2Minimizer : Valid minimum - status = 0
FVAL  = 7.78210289144235468
Edm   = 1.75575701023700331e-06
Nfcn  = 265
Width	  = 2.04101	 +/-  0.846901	(limited)
MP	  = 18.4316	 +/-  0.391559	(limited)
Area	  = 659.059	 +/-  79.8195	(limited)
GSigma	  = 1.68243	 +/-  3.02665	(limited)
****************************************
Minimizer is Minuit2 / Combined
Chi2                      =       7.7821
NDf                       =            8
Edm                       =  1.75576e-06
NCalls                    =          265
Width                     =      2.04101   +/-   0.846901     	 (limited)
MP                        =      18.4316   +/-   0.391559     	 (limited)
Area                      =      659.059   +/-   79.8195      	 (limited)
GSigma                    =      1.68243   +/-   3.02665      	 (limited)
TH1F::Sumw2:0: RuntimeWarning: Sum of squares of weights structure already created
Info in <ROOT::Math::ParameterSettings>: lower/upper bounds outside current parameter value. The value will be set to (low+up)/2 
Minuit2Minimizer: Minimize with max-calls 1000000 convergence for edm < 0.01 strategy 1
Minuit2Minimizer : Valid minimum - status = 0
FVAL  = 10.7773501048937526
Edm   = 2.64378763754722187e-07
Nfcn  = 187
Width	  = 2.7512	 +/-  0.378069	(limited)
MP	  = 19.6766	 +/-  0.350887	(limited)
Area	  = 634.811	 +/-  53.9767	(limited)
GSigma	  = 1	 +/-  2.90117	(limited)
****************************************
Minimizer is Minuit2 / Combined
Chi2                      =      10.7774
NDf                       =           10
Edm                       =  2.64379e-07
NCalls                    =          187
Width                     =       2.7512   +/-   0.378069     	 (limited)
MP                        =      19.6766   +/-   0.350887     	 (limited)
Area                      =      634.811   +/-   53.9767      	 (limited)
GSigma                    =            1   +/-   2.90117      	 (limited)
TH1F::Sumw2:0: RuntimeWarning: Sum of squares of weights structure already created
Info in <ROOT::Math::ParameterSettings>: lower/upper bounds outside current parameter value. The value will be set to (low+up)/2 
Minuit2Minimizer: Minimize with max-calls 1000000 convergence for edm < 0.01 strategy 1
Minuit2Minimizer : Valid minimum - status = 0
FVAL  = 5.14544322016882294
Edm   = 6.07760227028742118e-07
Nfcn  = 305
Width	  = 1	 +/-  0.640889	(limited)
MP	  = 19.3435	 +/-  0.278343	(limited)
Area	  = 573.339	 +/-  32.9745	(limited)
GSigma	  = 3.23509	 +/-  0.374102	(limited)
****************************************
Minimizer is Minuit2 / Combined
Chi2                      =      5.14544
NDf                       =            8
Edm                       =   6.0776e-07
NCalls                    =          305
Width                     =            1   +/-   0.640889     	 (limited)
MP                        =      19.3435   +/-   0.278343     	 (limited)
Area                      =      573.339   +/-   32.9745      	 (limited)
GSigma                    =      3.23509   +/-   0.374102     	 (limited)
TH1F::Sumw2:0: RuntimeWarning: Sum of squares of weights structure already created
Info in <ROOT::Math::ParameterSettings>: lower/upper bounds outside current parameter value. The value will be set to (low+up)/2 
Info in <ROOT::Math::ParameterSettings>: lower/upper bounds outside current parameter value. The value will be set to (low+up)/2 
Minuit2Minimizer: Minimize with max-calls 1000000 convergence for edm < 0.01 strategy 1
Minuit2:0: RuntimeWarning: MnPosDef non-positive diagonal element in covariance matrix[ 3 ] = -0.977804
Minuit2:0: RuntimeWarning: MnPosDef Added to diagonal of Error matrix a value 1.4778
Minuit2Minimizer : Valid minimum - status = 0
FVAL  = 43.479862578355494
Edm   = 3.42106153113778225e-06
Nfcn  = 174
Width	  = 12.3977	 +/-  2.2009	(limited)
MP	  = 15	 +/-  0.766588	(limited)
Area	  = 2077.3	 +/-  288.013	(limited)
GSigma	  = 5	 +/-  3.4169	(limited)
****************************************
Minimizer is Minuit2 / Combined
Chi2                      =      43.4799
NDf                       =           11
Edm                       =  3.42106e-06
NCalls                    =          174
Width                     =      12.3977   +/-   2.2009       	 (limited)
MP                        =           15   +/-   0.766588     	 (limited)
Area                      =       2077.3   +/-   288.013      	 (limited)
GSigma                    =            5   +/-   3.4169       	 (limited)
TH1F::Sumw2:0: RuntimeWarning: Sum of squares of weights structure already created
Info in <ROOT::Math::ParameterSettings>: lower/upper bounds outside current parameter value. The value will be set to (low+up)/2 
Minuit2Minimizer: Minimize with max-calls 1000000 convergence for edm < 0.01 strategy 1
Minuit2Minimizer : Valid minimum - status = 0
FVAL  = 4.13534984342556378
Edm   = 8.03627096266314336e-08
Nfcn  = 270
Width	  = 1	 +/-  0.862759	(limited)
MP	  = 19.9926	 +/-  0.257069	(limited)
Area	  = 416.021	 +/-  26.2128	(limited)
GSigma	  = 2.56582	 +/-  0.363356	(limited)
****************************************
Minimizer is Minuit2 / Combined
Chi2                      =      4.13535
NDf                       =            7
Edm                       =  8.03627e-08
NCalls                    =          270
Width                     =            1   +/-   0.862759     	 (limited)
MP                        =      19.9926   +/-   0.257069     	 (limited)
Area                      =      416.021   +/-   26.2128      	 (limited)
GSigma                    =      2.56582   +/-   0.363356     	 (limited)
TH1F::Sumw2:0: RuntimeWarning: Sum of squares of weights structure already created
Info in <ROOT::Math::ParameterSettings>: lower/upper bounds outside current parameter value. The value will be set to (low+up)/2 
Minuit2Minimizer: Minimize with max-calls 1000000 convergence for edm < 0.01 strategy 1
Minuit2Minimizer : Valid minimum - status = 0
FVAL  = 4.08286741737756564
Edm   = 3.97206190397145788e-06
Nfcn  = 261
Width	  = 1	 +/-  0.462916	(limited)
MP	  = 18.7968	 +/-  0.265104	(limited)
Area	  = 464.184	 +/-  29.8124	(limited)
GSigma	  = 2.62201	 +/-  0.355955	(limited)
****************************************
Minimizer is Minuit2 / Combined
Chi2                      =      4.08287
NDf                       =            6
Edm                       =  3.97206e-06
NCalls                    =          261
Width                     =            1   +/-   0.462916     	 (limited)
MP                        =      18.7968   +/-   0.265104     	 (limited)
Area                      =      464.184   +/-   29.8124      	 (limited)
GSigma                    =      2.62201   +/-   0.355955     	 (limited)
Info in <TCanvas::Print>: Current canvas added to pdf file /data9/YangMingShanExperiments/YangMingHotspotResort/LowLevelProcessedData/DailyPlots/20260119_Det01_Exp0001_Run000005_001_Mu_TOT_TEST.pdf
Plotting Boards:  94%|█████████▍| 15/16 [00:04<00:00,  3.38it/s]TH1F::Sumw2:0: RuntimeWarning: Sum of squares of weights structure already created
Info in <ROOT::Math::ParameterSettings>: lower/upper bounds outside current parameter value. The value will be set to (low+up)/2 
Minuit2Minimizer: Minimize with max-calls 1000000 convergence for edm < 0.01 strategy 1
Minuit2Minimizer : Valid minimum - status = 0
FVAL  = 4.57039370305248394
Edm   = 8.7258835497202263e-06
Nfcn  = 291
Width	  = 1.62945	 +/-  0.155209	(limited)
MP	  = 18.1861	 +/-  0.167507	(limited)
Area	  = 855.531	 +/-  48.5291	(limited)
GSigma	  = 1.00001	 +/-  3.26677	(limited)
****************************************
Minimizer is Minuit2 / Combined
Chi2                      =      4.57039
NDf                       =            6
Edm                       =  8.72588e-06
NCalls                    =          291
Width                     =      1.62945   +/-   0.155209     	 (limited)
MP                        =      18.1861   +/-   0.167507     	 (limited)
Area                      =      855.531   +/-   48.5291      	 (limited)
GSigma                    =      1.00001   +/-   3.26677      	 (limited)
TH1F::Sumw2:0: RuntimeWarning: Sum of squares of weights structure already created
Info in <ROOT::Math::ParameterSettings>: lower/upper bounds outside current parameter value. The value will be set to (low+up)/2 
Minuit2Minimizer: Minimize with max-calls 1000000 convergence for edm < 0.01 strategy 1
Minuit2Minimizer : Valid minimum - status = 0
FVAL  = 8.39498831878737484
Edm   = 2.68179125084542212e-07
Nfcn  = 204
Width	  = 1.48999	 +/-  0.326093	(limited)
MP	  = 18.1775	 +/-  0.143404	(limited)
Area	  = 1015.64	 +/-  69.3012	(limited)
GSigma	  = 1.2985	 +/-  0.494462	(limited)
****************************************
Minimizer is Minuit2 / Combined
Chi2                      =      8.39499
NDf                       =            7
Edm                       =  2.68179e-07
NCalls                    =          204
Width                     =      1.48999   +/-   0.326093     	 (limited)
MP                        =      18.1775   +/-   0.143404     	 (limited)
Area                      =      1015.64   +/-   69.3012      	 (limited)
GSigma                    =       1.2985   +/-   0.494462     	 (limited)
TH1F::Sumw2:0: RuntimeWarning: Sum of squares of weights structure already created
Info in <ROOT::Math::ParameterSettings>: lower/upper bounds outside current parameter value. The value will be set to (low+up)/2 
Minuit2Minimizer: Minimize with max-calls 1000000 convergence for edm < 0.01 strategy 1
Minuit2Minimizer : Valid minimum - status = 0
FVAL  = 7.78830500794203306
Edm   = 3.49015904044898943e-06
Nfcn  = 326
Width	  = 1.00001	 +/-  3.10612	(limited)
MP	  = 17.7579	 +/-  0.173592	(limited)
Area	  = 874.581	 +/-  37.4189	(limited)
GSigma	  = 2.48692	 +/-  0.236034	(limited)
****************************************
Minimizer is Minuit2 / Combined
Chi2                      =      7.78831
NDf                       =            7
Edm                       =  3.49016e-06
NCalls                    =          326
Width                     =      1.00001   +/-   3.10612      	 (limited)
MP                        =      17.7579   +/-   0.173592     	 (limited)
Area                      =      874.581   +/-   37.4189      	 (limited)
GSigma                    =      2.48692   +/-   0.236034     	 (limited)
TH1F::Sumw2:0: RuntimeWarning: Sum of squares of weights structure already created
Info in <ROOT::Math::ParameterSettings>: lower/upper bounds outside current parameter value. The value will be set to (low+up)/2 
Minuit2Minimizer: Minimize with max-calls 1000000 convergence for edm < 0.01 strategy 1
Minuit2Minimizer : Valid minimum - status = 0
FVAL  = 3.59947412229380737
Edm   = 5.89663478589524255e-07
Nfcn  = 311
Width	  = 2.03099	 +/-  0.164946	(limited)
MP	  = 18.2919	 +/-  0.189196	(limited)
Area	  = 1071.8	 +/-  54.9721	(limited)
GSigma	  = 1	 +/-  0.59545	(limited)
****************************************
Minimizer is Minuit2 / Combined
Chi2                      =      3.59947
NDf                       =            8
Edm                       =  5.89663e-07
NCalls                    =          311
Width                     =      2.03099   +/-   0.164946     	 (limited)
MP                        =      18.2919   +/-   0.189196     	 (limited)
Area                      =       1071.8   +/-   54.9721      	 (limited)
GSigma                    =            1   +/-   0.59545      	 (limited)
TH1F::Sumw2:0: RuntimeWarning: Sum of squares of weights structure already created
Info in <ROOT::Math::ParameterSettings>: lower/upper bounds outside current parameter value. The value will be set to (low+up)/2 
Minuit2Minimizer: Minimize with max-calls 1000000 convergence for edm < 0.01 strategy 1
Minuit2Minimizer : Valid minimum - status = 0
FVAL  = 2.63356684655499018
Edm   = 4.83434800101182562e-07
Nfcn  = 258
Width	  = 1.43099	 +/-  0.532923	(limited)
MP	  = 17.4528	 +/-  0.194356	(limited)
Area	  = 873.918	 +/-  68.9341	(limited)
GSigma	  = 2.43832	 +/-  0.705278	(limited)
****************************************
Minimizer is Minuit2 / Combined
Chi2                      =      2.63357
NDf                       =            9
Edm                       =  4.83435e-07
NCalls                    =          258
Width                     =      1.43099   +/-   0.532923     	 (limited)
MP                        =      17.4528   +/-   0.194356     	 (limited)
Area                      =      873.918   +/-   68.9341      	 (limited)
GSigma                    =      2.43832   +/-   0.705278     	 (limited)
TH1F::Sumw2:0: RuntimeWarning: Sum of squares of weights structure already created
Info in <ROOT::Math::ParameterSettings>: lower/upper bounds outside current parameter value. The value will be set to (low+up)/2 
Minuit2Minimizer: Minimize with max-calls 1000000 convergence for edm < 0.01 strategy 1
Minuit2Minimizer : Valid minimum - status = 0
FVAL  = 9.97815265078208036
Edm   = 3.196509394111903e-06
Nfcn  = 208
Width	  = 1.41085	 +/-  0.357356	(limited)
MP	  = 18.0901	 +/-  0.168255	(limited)
Area	  = 879.914	 +/-  58.2554	(limited)
GSigma	  = 1.99919	 +/-  0.510446	(limited)
****************************************
Minimizer is Minuit2 / Combined
Chi2                      =      9.97815
NDf                       =            8
Edm                       =  3.19651e-06
NCalls                    =          208
Width                     =      1.41085   +/-   0.357356     	 (limited)
MP                        =      18.0901   +/-   0.168255     	 (limited)
Area                      =      879.914   +/-   58.2554      	 (limited)
GSigma                    =      1.99919   +/-   0.510446     	 (limited)
TH1F::Sumw2:0: RuntimeWarning: Sum of squares of weights structure already created
Info in <ROOT::Math::ParameterSettings>: lower/upper bounds outside current parameter value. The value will be set to (low+up)/2 
Minuit2Minimizer: Minimize with max-calls 1000000 convergence for edm < 0.01 strategy 1
Minuit2Minimizer : Valid minimum - status = 0
FVAL  = 3.13847975942363799
Edm   = 1.0831997902011656e-05
Nfcn  = 193
Width	  = 1.92684	 +/-  0.166865	(limited)
MP	  = 18.0521	 +/-  0.187826	(limited)
Area	  = 917.887	 +/-  48.6874	(limited)
GSigma	  = 1	 +/-  0.533286	(limited)
****************************************
Minimizer is Minuit2 / Combined
Chi2                      =      3.13848
NDf                       =            8
Edm                       =   1.0832e-05
NCalls                    =          193
Width                     =      1.92684   +/-   0.166865     	 (limited)
MP                        =      18.0521   +/-   0.187826     	 (limited)
Area                      =      917.887   +/-   48.6874      	 (limited)
GSigma                    =            1   +/-   0.533286     	 (limited)
TH1F::Sumw2:0: RuntimeWarning: Sum of squares of weights structure already created
Info in <ROOT::Math::ParameterSettings>: lower/upper bounds outside current parameter value. The value will be set to (low+up)/2 
Minuit2Minimizer: Minimize with max-calls 1000000 convergence for edm < 0.01 strategy 1
Minuit2Minimizer : Valid minimum - status = 0
FVAL  = 16.638789274260521
Edm   = 5.67895338501960792e-06
Nfcn  = 381
Width	  = 1.00004	 +/-  14.8171	(limited)
MP	  = 18.2395	 +/-  0.233131	(limited)
Area	  = 742.221	 +/-  40.6091	(limited)
GSigma	  = 3.02866	 +/-  0.352236	(limited)
****************************************
Minimizer is Minuit2 / Combined
Chi2                      =      16.6388
NDf                       =            7
Edm                       =  5.67895e-06
NCalls                    =          381
Width                     =      1.00004   +/-   14.8171      	 (limited)
MP                        =      18.2395   +/-   0.233131     	 (limited)
Area                      =      742.221   +/-   40.6091      	 (limited)
GSigma                    =      3.02866   +/-   0.352236     	 (limited)
TH1F::Sumw2:0: RuntimeWarning: Sum of squares of weights structure already created
Info in <ROOT::Math::ParameterSettings>: lower/upper bounds outside current parameter value. The value will be set to (low+up)/2 
Minuit2Minimizer: Minimize with max-calls 1000000 convergence for edm < 0.01 strategy 1
Minuit2Minimizer : Valid minimum - status = 0
FVAL  = 6.33858421947516515
Edm   = 3.04742837870411304e-07
Nfcn  = 243
Width	  = 1	 +/-  0.258316	(limited)
MP	  = 18.7388	 +/-  0.180018	(limited)
Area	  = 633.013	 +/-  31.2338	(limited)
GSigma	  = 2.15003	 +/-  0.235743	(limited)
****************************************
Minimizer is Minuit2 / Combined
Chi2                      =      6.33858
NDf                       =            6
Edm                       =  3.04743e-07
NCalls                    =          243
Width                     =            1   +/-   0.258316     	 (limited)
MP                        =      18.7388   +/-   0.180018     	 (limited)
Area                      =      633.013   +/-   31.2338      	 (limited)
GSigma                    =      2.15003   +/-   0.235743     	 (limited)
TH1F::Sumw2:0: RuntimeWarning: Sum of squares of weights structure already created
Info in <ROOT::Math::ParameterSettings>: lower/upper bounds outside current parameter value. The value will be set to (low+up)/2 
Minuit2Minimizer: Minimize with max-calls 1000000 convergence for edm < 0.01 strategy 1
Minuit2Minimizer : Valid minimum - status = 0
FVAL  = 4.23504807572492403
Edm   = 8.82641080239378552e-06
Nfcn  = 253
Width	  = 1.43341	 +/-  0.962632	(limited)
MP	  = 17.6573	 +/-  0.276436	(limited)
Area	  = 892.544	 +/-  112.672	(limited)
GSigma	  = 3.15593	 +/-  1.02355	(limited)
****************************************
Minimizer is Minuit2 / Combined
Chi2                      =      4.23505
NDf                       =            9
Edm                       =  8.82641e-06
NCalls                    =          253
Width                     =      1.43341   +/-   0.962632     	 (limited)
MP                        =      17.6573   +/-   0.276436     	 (limited)
Area                      =      892.544   +/-   112.672      	 (limited)
GSigma                    =      3.15593   +/-   1.02355      	 (limited)
TH1F::Sumw2:0: RuntimeWarning: Sum of squares of weights structure already created
Info in <ROOT::Math::ParameterSettings>: lower/upper bounds outside current parameter value. The value will be set to (low+up)/2 
Minuit2Minimizer: Minimize with max-calls 1000000 convergence for edm < 0.01 strategy 1
Minuit2Minimizer : Valid minimum - status = 0
FVAL  = 11.2086714890533017
Edm   = 2.74660318129057094e-06
Nfcn  = 194
Width	  = 2.25427	 +/-  0.74306	(limited)
MP	  = 17.9903	 +/-  0.559511	(limited)
Area	  = 831.423	 +/-  106.879	(limited)
GSigma	  = 1.21072	 +/-  2.85872	(limited)
****************************************
Minimizer is Minuit2 / Combined
Chi2                      =      11.2087
NDf                       =            6
Edm                       =   2.7466e-06
NCalls                    =          194
Width                     =      2.25427   +/-   0.74306      	 (limited)
MP                        =      17.9903   +/-   0.559511     	 (limited)
Area                      =      831.423   +/-   106.879      	 (limited)
GSigma                    =      1.21072   +/-   2.85872      	 (limited)
TH1F::Sumw2:0: RuntimeWarning: Sum of squares of weights structure already created
Info in <ROOT::Math::ParameterSettings>: lower/upper bounds outside current parameter value. The value will be set to (low+up)/2 
Minuit2Minimizer: Minimize with max-calls 1000000 convergence for edm < 0.01 strategy 1
Minuit2Minimizer : Valid minimum - status = 0
FVAL  = 7.67101575228867016
Edm   = 8.93161113404940924e-06
Nfcn  = 187
Width	  = 1.96581	 +/-  0.203342	(limited)
MP	  = 18.6751	 +/-  0.219626	(limited)
Area	  = 717.454	 +/-  44.5402	(limited)
GSigma	  = 1	 +/-  0.386166	(limited)
****************************************
Minimizer is Minuit2 / Combined
Chi2                      =      7.67102
NDf                       =            8
Edm                       =  8.93161e-06
NCalls                    =          187
Width                     =      1.96581   +/-   0.203342     	 (limited)
MP                        =      18.6751   +/-   0.219626     	 (limited)
Area                      =      717.454   +/-   44.5402      	 (limited)
GSigma                    =            1   +/-   0.386166     	 (limited)
TH1F::Sumw2:0: RuntimeWarning: Sum of squares of weights structure already created
Info in <ROOT::Math::ParameterSettings>: lower/upper bounds outside current parameter value. The value will be set to (low+up)/2 
Minuit2Minimizer: Minimize with max-calls 1000000 convergence for edm < 0.01 strategy 1
Minuit2Minimizer : Valid minimum - status = 0
FVAL  = 5.08732144004519515
Edm   = 7.32960663542246607e-07
Nfcn  = 278
Width	  = 1.18578	 +/-  0.844151	(limited)
MP	  = 19.088	 +/-  0.425852	(limited)
Area	  = 783.646	 +/-  72.0113	(limited)
GSigma	  = 3.41945	 +/-  0.918744	(limited)
****************************************
Minimizer is Minuit2 / Combined
Chi2                      =      5.08732
NDf                       =           11
Edm                       =  7.32961e-07
NCalls                    =          278
Width                     =      1.18578   +/-   0.844151     	 (limited)
MP                        =       19.088   +/-   0.425852     	 (limited)
Area                      =      783.646   +/-   72.0113      	 (limited)
GSigma                    =      3.41945   +/-   0.918744     	 (limited)
TH1F::Sumw2:0: RuntimeWarning: Sum of squares of weights structure already created
Info in <ROOT::Math::ParameterSettings>: lower/upper bounds outside current parameter value. The value will be set to (low+up)/2 
Minuit2Minimizer: Minimize with max-calls 1000000 convergence for edm < 0.01 strategy 1
Minuit2Minimizer : Valid minimum - status = 0
FVAL  = 11.3419237818285321
Edm   = 8.45455686627629911e-06
Nfcn  = 301
Width	  = 1	 +/-  0.640078	(limited)
MP	  = 18.6651	 +/-  0.219482	(limited)
Area	  = 773.495	 +/-  33.2506	(limited)
GSigma	  = 3.48562	 +/-  0.281641	(limited)
****************************************
Minimizer is Minuit2 / Combined
Chi2                      =      11.3419
NDf                       =           11
Edm                       =  8.45456e-06
NCalls                    =          301
Width                     =            1   +/-   0.640078     	 (limited)
MP                        =      18.6651   +/-   0.219482     	 (limited)
Area                      =      773.495   +/-   33.2506      	 (limited)
GSigma                    =      3.48562   +/-   0.281641     	 (limited)
TH1F::Sumw2:0: RuntimeWarning: Sum of squares of weights structure already created
Info in <ROOT::Math::ParameterSettings>: lower/upper bounds outside current parameter value. The value will be set to (low+up)/2 
Minuit2Minimizer: Minimize with max-calls 1000000 convergence for edm < 0.01 strategy 1
Minuit2Minimizer : Valid minimum - status = 0
FVAL  = 6.52732329974408909
Edm   = 7.05781751479484768e-07
Nfcn  = 272
Width	  = 1.53925	 +/-  0.689206	(limited)
MP	  = 19.2363	 +/-  0.240302	(limited)
Area	  = 749.491	 +/-  69.7545	(limited)
GSigma	  = 2.63542	 +/-  0.922781	(limited)
****************************************
Minimizer is Minuit2 / Combined
Chi2                      =      6.52732
NDf                       =            9
Edm                       =  7.05782e-07
NCalls                    =          272
Width                     =      1.53925   +/-   0.689206     	 (limited)
MP                        =      19.2363   +/-   0.240302     	 (limited)
Area                      =      749.491   +/-   69.7545      	 (limited)
GSigma                    =      2.63542   +/-   0.922781     	 (limited)
TH1F::Sumw2:0: RuntimeWarning: Sum of squares of weights structure already created
Info in <ROOT::Math::ParameterSettings>: lower/upper bounds outside current parameter value. The value will be set to (low+up)/2 
Minuit2Minimizer: Minimize with max-calls 1000000 convergence for edm < 0.01 strategy 1
Minuit2Minimizer : Valid minimum - status = 0
FVAL  = 12.3828782997819946
Edm   = 6.81302080732141578e-07
Nfcn  = 283
Width	  = 1	 +/-  1.57573	(limited)
MP	  = 18.577	 +/-  0.325022	(limited)
Area	  = 720.729	 +/-  30.0929	(limited)
GSigma	  = 5	 +/-  0.576878	(limited)
****************************************
Minimizer is Minuit2 / Combined
Chi2                      =      12.3829
NDf                       =           14
Edm                       =  6.81302e-07
NCalls                    =          283
Width                     =            1   +/-   1.57573      	 (limited)
MP                        =       18.577   +/-   0.325022     	 (limited)
Area                      =      720.729   +/-   30.0929      	 (limited)
GSigma                    =            5   +/-   0.576878     	 (limited)
Info in <TCanvas::Print>: Current canvas added to pdf file /data9/YangMingShanExperiments/YangMingHotspotResort/LowLevelProcessedData/DailyPlots/20260119_Det01_Exp0001_Run000005_001_Mu_TOT_TEST.pdf
Plotting Boards: 100%|██████████| 16/16 [00:05<00:00,  3.32it/s]Plotting Boards: 100%|██████████| 16/16 [00:05<00:00,  3.17it/s]
Info in <TCanvas::Print>: Current canvas added to pdf file /data9/YangMingShanExperiments/YangMingHotspotResort/LowLevelProcessedData/DailyPlots/20260119_Det01_Exp0001_Run000005_001_Mu_TOT_TEST.pdf
Info in <TCanvas::Print>: Current canvas added to pdf file /data9/YangMingShanExperiments/YangMingHotspotResort/LowLevelProcessedData/DailyPlots/20260119_Det01_Exp0001_Run000005_001_Mu_TOT_TEST.pdf
Info in <TCanvas::Print>: Current canvas added to pdf file /data9/YangMingShanExperiments/YangMingHotspotResort/LowLevelProcessedData/DailyPlots/20260119_Det01_Exp0001_Run000005_001_Mu_TOT_TEST.pdf
Info in <TCanvas::Print>: pdf file /data9/YangMingShanExperiments/YangMingHotspotResort/LowLevelProcessedData/DailyPlots/20260119_Det01_Exp0001_Run000005_001_Mu_TOT_TEST.pdf has been closed
Overall ToT Mean: 18.30, Std Deviation: 0.88
Overall GSigma Mean: 1.89, Std Deviation: 0.69
Pwidth distribution histograms have been generated and saved.
[5/5] Executing 003_3TempOverDay.py ...
Saving figure...
警告: 找不到檔案 /data9/YangMingShanExperiments/YangMingHotspotResort/LowLevelProcessedData/DailyPlots/20260119_Det01_Exp0001_Run000005_001_Mu_TOT.pdf
包含圖片的郵件傳送成功！
=========================================
Task fully completed. Notification sent.
=========================================
